match,query_index,train_index,u_i,v_i,u_j,v_j,hamming_distance,depth_raw_i,depth_raw_j,pnp_used,pnp_inlier,icp_used,X_i,Y_i,Z_i,X_j,Y_j,Z_j
0,0,21,351.000000,187.000000,408.000000,219.000000,18.000000,2141,2477,1,0,1,0.021291,-0.051532,0.428200,0.078842,-0.029192,0.495400
1,1,6,375.000000,204.000000,367.000000,205.000000,26.000000,2506,2304,1,0,1,0.048013,-0.043963,0.501200,0.037066,-0.039535,0.460800
2,3,60,356.000000,189.000000,397.000000,283.000000,16.000000,2142,2513,1,0,1,0.025413,-0.049911,0.428400,0.069374,0.032124,0.502600
3,4,2,368.000000,198.000000,316.000000,173.000000,29.000000,2248,2417,1,0,1,0.037028,-0.044615,0.449600,-0.008445,-0.071165,0.483400
4,6,2,319.000000,173.000000,316.000000,173.000000,7.000000,2414,2417,1,1,1,-0.005654,-0.071076,0.482800,-0.008445,-0.071165,0.483400
5,7,0,313.000000,173.000000,309.000000,173.000000,3.000000,2401,2409,1,1,1,-0.011155,-0.070694,0.480200,-0.014891,-0.070929,0.481800
6,8,1,345.000000,187.000000,356.000000,198.000000,29.000000,2135,2228,1,0,1,0.016313,-0.051388,0.427000,0.026433,-0.044218,0.445600
7,10,8,379.000000,305.000000,381.000000,307.000000,12.000000,2715,2690,1,1,1,0.056187,0.057635,0.543000,0.057735,0.059170,0.538000
8,11,3,286.000000,236.000000,309.000000,224.000000,12.000000,2697,2692,1,0,1,-0.040489,-0.014184,0.539400,-0.016641,-0.026558,0.538400
9,12,18,374.000000,303.000000,375.000000,305.000000,20.000000,2719,2687,1,1,1,0.051050,0.055633,0.543800,0.051481,0.057041,0.537400
10,13,22,376.000000,303.000000,377.000000,305.000000,19.000000,2730,0,1,1,0,0.053353,0.055858,0.546000,,,
11,14,23,402.000000,211.000000,405.000000,215.000000,21.000000,2436,2450,1,1,1,0.071925,-0.036189,0.487200,0.075160,-0.032635,0.490000
12,15,60,354.000000,188.000000,397.000000,283.000000,17.000000,2143,2513,1,0,1,0.023779,-0.050757,0.428600,0.069374,0.032124,0.502600
13,16,22,378.000000,303.000000,377.000000,305.000000,17.000000,0,0,0,0,0,,,,,,
14,17,23,404.000000,212.000000,405.000000,215.000000,11.000000,2445,2450,1,1,1,0.074068,-0.035384,0.489000,0.075160,-0.032635,0.490000
15,18,30,309.000000,175.000000,304.000000,176.000000,2.000000,2393,2404,1,1,1,-0.014793,-0.068621,0.478600,-0.019476,-0.068013,0.480800
16,19,24,336.000000,334.000000,329.000000,335.000000,8.000000,2503,2496,1,1,1,0.010475,0.080999,0.500600,0.003738,0.081731,0.499200
17,20,21,407.000000,216.000000,408.000000,219.000000,16.000000,2528,2477,1,1,1,0.079494,-0.032704,0.505600,0.078842,-0.029192,0.495400
18,22,20,311.000000,174.000000,307.000000,174.000000,5.000000,2394,2408,1,1,1,-0.012960,-0.069568,0.478800,-0.016734,-0.069975,0.481600
19,23,27,382.000000,309.000000,385.000000,311.000000,15.000000,2705,2681,1,1,1,0.059096,0.061576,0.541000,0.061659,0.063088,0.536200
20,24,0,273.000000,261.000000,309.000000,173.000000,20.000000,2711,2409,1,0,1,-0.054230,0.011760,0.542200,-0.014891,-0.070929,0.481800
21,25,0,268.000000,278.000000,309.000000,173.000000,15.000000,2827,2409,1,0,1,-0.061978,0.030712,0.565400,-0.014891,-0.070929,0.481800
22,26,62,408.000000,218.000000,279.000000,296.000000,16.000000,2527,0,1,0,0,0.080433,-0.030751,0.505400,,,
23,28,31,276.000000,252.000000,281.000000,249.000000,17.000000,2682,2711,1,1,1,-0.050561,0.002368,0.536400,-0.045903,-0.000728,0.542200
24,29,66,334.000000,312.000000,333.000000,313.000000,10.000000,2570,2558,1,1,1,0.008782,0.061463,0.514000,0.007759,0.062158,0.511600
25,30,40,377.000000,322.000000,373.000000,325.000000,16.000000,0,2533,0,0,0,,,,,,
26,31,57,305.000000,178.000000,411.000000,249.000000,4.000000,2391,2491,1,0,1,-0.018452,-0.065810,0.478200,0.082157,-0.000669,0.498200
27,32,47,378.000000,318.000000,377.000000,321.000000,15.000000,2662,2618,1,1,1,0.054068,0.069794,0.532400,0.052169,0.071656,0.523600
28,33,37,303.000000,263.000000,301.000000,262.000000,14.000000,2523,2541,1,1,1,-0.021408,0.012881,0.504600,-0.023512,0.011998,0.508200
29,34,29,342.000000,188.000000,343.000000,191.000000,24.000000,2133,2127,1,1,1,0.013841,-0.050521,0.426600,0.014618,-0.047929,0.425400
30,35,37,297.000000,262.000000,301.000000,262.000000,27.000000,2546,2541,1,1,1,-0.027469,0.012021,0.509200,-0.023512,0.011998,0.508200
31,36,46,334.000000,333.000000,327.000000,333.000000,9.000000,2498,2495,1,1,1,0.008536,0.079878,0.499600,0.001820,0.079783,0.499000
32,37,24,378.000000,326.000000,329.000000,335.000000,13.000000,2573,2496,1,0,1,0.052260,0.075363,0.514600,0.003738,0.081731,0.499200
33,38,41,331.000000,312.000000,329.000000,312.000000,22.000000,2562,2562,1,1,1,0.005804,0.061272,0.512400,0.003836,0.061272,0.512400
34,40,36,372.000000,318.000000,370.000000,320.000000,24.000000,2566,2562,1,1,1,0.046207,0.067277,0.513200,0.044167,0.069140,0.512400
35,42,39,399.000000,255.000000,397.000000,258.000000,21.000000,0,2476,0,0,0,,,,,,
36,44,42,364.000000,195.000000,279.000000,257.000000,19.000000,0,0,0,0,0,,,,,,
37,45,43,339.000000,317.000000,336.000000,318.000000,9.000000,2547,2536,1,1,1,0.013593,0.065802,0.509400,0.010613,0.066491,0.507200
38,47,50,384.000000,314.000000,386.000000,320.000000,8.000000,2706,2656,1,1,1,0.061195,0.066793,0.541200,0.062104,0.071676,0.531200
39,49,57,303.000000,185.000000,411.000000,249.000000,1.000000,2401,2491,1,0,1,-0.020373,-0.059633,0.480200,0.082157,-0.000669,0.498200
40,50,56,307.000000,194.000000,414.000000,244.000000,6.000000,2439,2489,1,0,1,-0.016950,-0.052151,0.487800,0.084958,-0.005446,0.497800
41,51,54,338.000000,209.000000,318.000000,201.000000,11.000000,0,0,0,0,0,,,,,,
42,53,56,413.000000,238.000000,414.000000,244.000000,9.000000,2553,2489,1,1,1,0.086162,-0.011466,0.510600,0.084958,-0.005446,0.497800
43,54,28,272.000000,268.000000,277.000000,274.000000,30.000000,2696,2876,1,0,1,-0.054965,0.018939,0.539200,-0.053114,0.026828,0.575200
44,55,60,400.000000,275.000000,397.000000,283.000000,2.000000,2517,2513,1,1,1,0.072384,0.024445,0.503400,0.069374,0.032124,0.502600
45,56,65,394.000000,286.000000,286.000000,310.000000,3.000000,2520,2682,1,0,1,0.066665,0.035116,0.504000,-0.040263,0.062082,0.536400
46,57,60,392.000000,288.000000,397.000000,283.000000,7.000000,0,2513,0,0,0,,,,,,
47,58,61,268.000000,290.000000,275.000000,284.000000,12.000000,2809,2849,1,1,1,-0.061583,0.043456,0.561800,-0.054803,0.037513,0.569800
48,59,64,283.000000,309.000000,285.000000,307.000000,11.000000,0,0,0,0,0,,,,,,
49,60,65,284.000000,312.000000,286.000000,310.000000,8.000000,2663,2682,1,1,1,-0.042023,0.063687,0.532600,-0.040263,0.062082,0.536400
50,61,57,383.000000,318.000000,411.000000,249.000000,9.000000,2690,2491,1,0,1,0.059801,0.070529,0.538000,0.082157,-0.000669,0.498200
51,63,0,329.000000,313.000000,309.000000,173.000000,22.000000,2552,2409,1,0,1,0.003821,0.062012,0.510400,-0.014891,-0.070929,0.481800
52,66,72,302.000000,250.000000,302.000000,249.000000,20.000000,2535,2548,1,1,1,-0.022484,0.000292,0.507000,-0.022599,-0.000685,0.509600
53,67,76,325.000000,278.000000,320.000000,278.000000,14.000000,2469,2470,1,1,1,-0.000095,0.026823,0.493800,-0.004837,0.026833,0.494000
