query_index,train_index,hamming_distance,filtered
0,98,12,1
1,1,12,1
2,2,15,1
3,1,20,1
4,100,21,1
5,113,22,1
6,102,12,1
7,4,11,1
8,103,6,1
9,7,12,1
10,104,12,1
11,105,21,1
12,172,20,1
13,105,18,1
14,8,16,1
15,105,27,1
16,10,22,1
17,7,18,1
18,13,36,0
19,213,42,0
20,7,22,1
21,122,51,0
22,122,47,0
23,110,68,0
24,129,53,0
25,22,54,0
26,22,61,0
27,66,78,0
28,168,70,0
29,179,34,0
30,226,36,0
31,167,57,0
32,207,60,0
33,86,54,0
34,39,47,0
35,29,18,1
36,28,30,1
37,30,27,1
38,32,24,1
39,36,10,1
40,36,31,0
41,38,21,1
42,37,21,1
43,39,14,1
44,134,23,1
45,189,57,0
46,135,50,0
47,135,70,0
48,18,41,0
49,44,31,0
50,44,80,0
51,139,56,0
52,45,32,0
53,47,28,1
54,53,16,1
55,145,61,0
56,51,79,0
57,57,17,1
58,57,41,0
59,58,21,1
60,59,14,1
61,61,16,1
62,64,23,1
63,199,52,0
64,66,60,0
65,67,22,1
66,71,14,1
67,69,41,0
68,167,40,0
69,70,21,1
70,62,11,1
71,72,18,1
72,72,27,1
73,64,52,0
74,74,15,1
75,73,32,0
76,158,25,1
77,157,30,1
78,207,30,1
79,22,51,0
80,115,31,0
81,161,13,1
82,89,26,1
83,86,19,1
84,87,20,1
85,216,19,1
86,90,23,1
87,165,18,1
88,168,37,0
89,233,20,1
90,94,22,1
91,92,49,0
92,95,13,1
93,236,65,0
94,62,19,1
95,170,34,0
96,97,13,1
97,106,18,1
98,171,20,1
99,99,18,1
100,2,21,1
101,102,10,1
102,102,7,1
103,220,20,1
104,106,18,1
105,7,15,1
106,89,29,1
107,252,24,1
108,106,13,1
109,85,54,0
110,77,57,0
111,207,61,0
112,22,71,0
113,21,78,0
114,225,37,0
115,266,58,0
116,28,34,0
117,207,46,0
118,165,30,1
119,182,27,1
120,123,20,1
121,33,14,1
122,126,28,1
123,129,26,1
124,36,14,1
125,185,26,1
126,133,12,1
127,132,28,1
128,186,35,0
129,39,10,1
130,40,29,1
131,128,21,1
132,313,81,0
133,44,63,0
134,140,20,1
135,142,50,0
136,128,31,0
137,128,30,1
138,145,50,0
139,147,82,0
140,147,65,0
141,306,51,0
142,61,33,0
143,151,27,1
144,199,52,0
145,66,40,0
146,65,33,0
147,203,33,0
148,154,11,1
149,69,32,0
150,71,38,0
151,70,11,1
152,62,17,1
153,156,18,1
154,205,29,1
155,159,48,0
156,151,55,0
157,163,31,0
158,162,16,1
159,211,38,0
160,216,12,1
161,167,22,1
162,214,35,0
163,168,18,1
164,214,35,0
165,169,20,1
166,43,18,1
167,236,62,0
168,251,46,0
169,217,27,1
170,218,12,1
171,219,15,1
172,100,23,1
173,220,29,1
174,172,20,1
175,89,35,0
176,7,25,1
177,172,20,1
178,222,29,1
179,105,19,1
180,207,58,0
181,36,78,0
182,207,71,0
183,21,84,0
184,258,50,0
185,224,42,0
186,263,65,0
187,181,29,1
188,182,25,1
189,127,23,1
190,129,28,1
191,185,19,1
192,185,23,1
193,131,33,0
194,186,23,1
195,231,25,1
196,188,18,1
197,189,27,1
198,137,73,0
199,192,14,1
200,191,18,1
201,193,36,0
202,145,72,0
203,196,43,0
204,146,29,1
205,65,55,0
206,200,43,0
207,202,32,0
208,154,17,1
209,204,18,1
210,72,17,1
211,207,40,0
212,245,35,0
213,279,52,0
214,163,34,0
215,204,39,0
216,216,23,1
217,216,14,1
218,169,23,1
219,217,26,1
220,218,17,1
221,94,24,1
222,213,34,0
223,252,27,1
224,207,61,0
225,179,64,0
226,59,76,0
227,219,51,0
228,258,54,0
229,134,68,0
230,182,31,0
231,130,36,0
232,129,31,0
233,185,29,1
234,186,27,1
235,230,31,0
236,37,40,0
237,231,10,1
238,39,26,1
239,232,31,0
240,42,36,0
241,147,66,0
242,267,25,1
243,193,48,0
244,191,54,0
245,194,25,1
246,196,32,0
247,146,44,0
248,197,35,0
249,295,71,0
250,241,13,1
251,240,25,1
252,242,34,0
253,243,31,0
254,242,13,1
255,277,32,0
256,278,19,1
257,279,24,1
258,280,28,1
259,312,27,1
260,248,29,1
261,285,24,1
262,249,25,1
263,250,15,1
264,250,26,1
265,251,29,1
266,252,9,1
267,94,29,1
268,83,21,1
269,213,43,0
270,95,34,0
271,256,8,1
272,151,57,0
273,87,41,0
274,179,70,0
275,219,52,0
276,260,35,0
277,184,29,1
278,261,26,1
279,185,29,1
280,265,22,1
281,302,34,0
282,231,18,1
283,134,27,1
284,40,53,0
285,304,29,1
286,138,98,0
287,234,19,1
288,195,77,0
289,270,52,0
290,270,26,1
291,272,32,0
292,237,63,0
293,272,18,1
294,243,25,1
295,174,17,1
296,277,30,1
297,310,22,1
298,312,28,1
299,280,36,0
300,313,23,1
301,314,14,1
302,287,17,1
303,216,27,1
304,95,30,1
305,241,52,0
306,151,49,0
307,87,34,0
308,224,59,0
309,87,51,0
310,95,42,0
311,294,31,0
312,327,37,0
313,261,15,1
314,300,24,1
315,190,68,0
316,268,11,1
317,306,27,1
318,271,72,0
319,308,40,0
320,307,21,1
321,310,31,0
322,340,22,1
323,342,14,1
324,316,12,1
325,113,34,0
326,346,23,1
327,347,42,0
328,63,57,0
329,95,41,0
330,294,42,0
331,351,30,1
332,295,28,1
333,326,26,1
334,355,42,0
335,330,17,1
336,332,28,1
337,331,14,1
338,333,32,0
339,271,59,0
340,335,46,0
341,336,33,0
342,334,8,1
343,276,22,1
344,337,13,1
345,363,38,0
346,341,30,1
347,346,24,1
348,152,52,0
349,152,57,0
350,351,33,0
351,353,21,1
352,355,39,0
353,326,41,0
354,351,48,0
355,330,25,1
356,357,28,1
357,359,29,1
358,360,27,1
359,334,28,1
360,361,35,0
361,362,18,1
362,106,25,1
363,363,27,1
364,365,30,1
365,366,33,0
