frame,index,u,v,size,angle,response,octave
i,0,329.0000,174.0000,31.0000,89.7933,0.0001,0
i,1,322.0000,176.0000,31.0000,56.0933,0.0000,0
i,2,333.0000,176.0000,31.0000,105.6406,0.0000,0
i,3,320.0000,177.0000,31.0000,45.4290,0.0000,0
i,4,335.0000,177.0000,31.0000,113.0104,0.0000,0
i,5,319.0000,179.0000,31.0000,35.9486,0.0000,0
i,6,338.0000,179.0000,31.0000,120.4977,0.0000,0
i,7,318.0000,181.0000,31.0000,25.9149,0.0000,0
i,8,341.0000,181.0000,31.0000,121.9541,0.0000,0
i,9,343.0000,182.0000,31.0000,123.3355,0.0000,0
i,10,346.0000,184.0000,31.0000,125.7489,0.0000,0
i,11,385.0000,184.0000,31.0000,83.5190,0.0001,0
i,12,387.0000,184.0000,31.0000,97.2646,0.0002,0
i,13,389.0000,184.0000,31.0000,110.3474,0.0001,0
i,14,348.0000,185.0000,31.0000,127.3034,0.0000,0
i,15,383.0000,185.0000,31.0000,69.2749,0.0001,0
i,16,316.0000,186.0000,31.0000,5.3515,0.0000,0
i,17,351.0000,187.0000,31.0000,127.9272,0.0000,0
i,18,394.0000,187.0000,31.0000,147.7037,0.0000,0
i,19,379.0000,188.0000,31.0000,54.9479,0.0001,0
i,20,354.0000,189.0000,31.0000,129.4914,0.0000,0
i,21,378.0000,190.0000,31.0000,58.8828,0.0000,0
i,22,377.0000,192.0000,31.0000,59.9519,0.0000,0
i,23,361.0000,195.0000,31.0000,105.8509,0.0000,0
i,24,394.0000,196.0000,31.0000,163.2206,0.0000,0
i,25,368.0000,200.0000,31.0000,82.4624,0.0006,0
i,26,370.0000,200.0000,31.0000,78.8184,0.0007,0
i,27,374.0000,200.0000,31.0000,74.4705,0.0004,0
i,28,373.0000,203.0000,31.0000,79.2195,0.0003,0
i,29,393.0000,203.0000,31.0000,167.6409,0.0003,0
i,30,397.0000,205.0000,31.0000,169.7447,0.0001,0
i,31,372.0000,210.0000,31.0000,94.6940,0.0000,0
i,32,369.0000,211.0000,31.0000,2.7047,0.0000,0
i,33,372.0000,213.0000,31.0000,256.7109,0.0000,0
i,34,367.0000,218.0000,31.0000,85.9125,0.0000,0
i,35,398.0000,219.0000,31.0000,179.7399,0.0000,0
i,36,355.0000,221.0000,31.0000,61.6707,0.0001,0
i,37,398.0000,221.0000,31.0000,175.8479,0.0000,0
i,38,354.0000,223.0000,31.0000,69.4398,0.0001,0
i,39,351.0000,227.0000,31.0000,77.9711,0.0006,0
i,40,349.0000,228.0000,31.0000,77.4387,0.0007,0
i,41,358.0000,228.0000,31.0000,104.9813,0.0000,0
i,42,355.0000,229.0000,31.0000,96.7574,0.0000,0
i,43,355.0000,231.0000,31.0000,111.2381,0.0000,0
i,44,357.0000,231.0000,31.0000,125.3810,0.0000,0
i,45,321.0000,236.0000,31.0000,111.9449,0.0000,0
i,46,321.0000,238.0000,31.0000,268.3986,0.0000,0
i,47,344.0000,239.0000,31.0000,233.6113,0.0000,0
i,48,399.0000,241.0000,31.0000,196.0164,0.0000,0
i,49,323.0000,247.0000,31.0000,283.9230,0.0000,0
i,50,336.0000,247.0000,31.0000,262.4885,0.0000,0
i,51,312.0000,249.0000,31.0000,277.0496,0.0000,0
i,52,317.0000,250.0000,31.0000,281.7141,0.0000,0
i,53,309.0000,252.0000,31.0000,277.7053,0.0000,0
i,54,342.0000,257.0000,31.0000,252.5080,0.0000,0
i,55,289.0000,258.0000,31.0000,211.2432,0.0000,0
i,56,291.0000,258.0000,31.0000,153.2913,0.0000,0
i,57,301.0000,265.0000,31.0000,66.9184,0.0000,0
i,58,299.0000,266.0000,31.0000,54.1622,0.0000,0
i,59,323.0000,267.0000,31.0000,125.7948,0.0000,0
i,60,327.0000,268.0000,31.0000,150.1086,0.0000,0
i,61,330.0000,269.0000,31.0000,166.9317,0.0000,0
i,62,335.0000,273.0000,31.0000,187.9097,0.0000,0
i,63,289.0000,274.0000,31.0000,309.6525,0.0000,0
i,64,258.0000,279.0000,31.0000,45.3399,0.0005,0
i,65,253.0000,281.0000,31.0000,36.8674,0.0006,0
i,66,319.0000,282.0000,31.0000,276.0832,0.0000,0
i,67,261.0000,284.0000,31.0000,56.8770,0.0000,0
i,68,263.0000,284.0000,31.0000,85.4679,0.0000,0
i,69,252.0000,285.0000,31.0000,18.8328,0.0001,0
i,70,386.0000,285.0000,31.0000,222.1904,0.0000,0
i,71,250.0000,286.0000,31.0000,10.3793,0.0000,0
i,72,250.0000,291.0000,31.0000,345.2704,0.0000,0
i,73,265.0000,292.0000,31.0000,222.6021,0.0000,0
i,74,250.0000,294.0000,31.0000,334.6371,0.0000,0
i,75,254.0000,295.0000,31.0000,321.9188,0.0000,0
i,76,366.0000,298.0000,31.0000,162.4338,0.0002,0
i,77,364.0000,302.0000,31.0000,142.3831,0.0000,0
i,78,368.0000,302.0000,31.0000,156.4794,0.0000,0
i,79,371.0000,307.0000,31.0000,157.9523,0.0001,0
i,80,373.0000,309.0000,31.0000,163.6056,0.0001,0
i,81,341.0000,310.0000,31.0000,67.4660,0.0000,0
i,82,376.0000,312.0000,31.0000,174.2526,0.0000,0
i,83,349.0000,313.0000,31.0000,152.5261,0.0000,0
i,84,338.0000,314.0000,31.0000,17.7501,0.0000,0
i,85,378.0000,315.0000,31.0000,187.1505,0.0000,0
i,86,348.0000,317.0000,31.0000,207.8853,0.0000,0
i,87,284.0000,319.0000,31.0000,297.8524,0.0000,0
i,88,335.0000,319.0000,31.0000,323.5855,0.0000,0
i,89,287.0000,321.0000,31.0000,299.0353,0.0000,0
i,90,377.0000,321.0000,31.0000,217.3360,0.0000,0
i,91,349.0000,323.0000,31.0000,241.4731,0.0000,0
i,92,374.0000,323.0000,31.0000,233.7575,0.0000,0
i,93,357.0000,326.0000,31.0000,244.4142,0.0000,0
i,94,294.0000,327.0000,31.0000,294.2536,0.0000,0
i,95,350.0000,329.0000,31.0000,250.5645,0.0000,0
i,96,348.0000,332.0000,31.0000,255.5225,0.0000,0
i,97,325.2000,172.8000,37.2000,75.5122,0.0001,1
i,98,328.8000,174.0000,37.2000,87.3679,0.0000,1
i,99,320.4000,176.4000,37.2000,51.4126,0.0000,1
i,100,334.8000,177.6000,37.2000,108.0002,-0.0000,1
i,101,338.4000,180.0000,37.2000,119.1318,-0.0000,1
i,102,340.8000,181.2000,37.2000,122.8847,-0.0000,1
i,103,388.8000,183.6000,37.2000,110.1225,0.0000,1
i,104,315.6000,186.0000,37.2000,2.5904,0.0000,1
i,105,350.4000,187.2000,37.2000,127.9607,-0.0000,1
i,106,379.2000,187.2000,37.2000,72.1464,0.0000,1
i,107,393.6000,187.2000,37.2000,134.8813,0.0000,1
i,108,315.6000,192.0000,37.2000,341.9440,0.0000,1
i,109,376.8000,192.0000,37.2000,69.8710,0.0000,1
i,110,362.4000,196.8000,37.2000,94.4211,0.0000,1
i,111,366.0000,198.0000,37.2000,86.4649,0.0002,1
i,112,369.6000,200.4000,37.2000,80.0762,0.0004,1
i,113,373.2000,200.4000,37.2000,71.1405,0.0003,1
i,114,396.0000,205.2000,37.2000,171.3901,0.0001,1
i,115,369.6000,211.2000,37.2000,77.0764,0.0000,1
i,116,355.2000,216.0000,37.2000,35.5676,0.0000,1
i,117,367.2000,218.4000,37.2000,13.3862,0.0000,1
i,118,397.2000,218.4000,37.2000,176.2546,0.0000,1
i,119,355.2000,220.8000,37.2000,64.3794,0.0000,1
i,120,297.6000,224.4000,37.2000,78.0399,-0.0000,1
i,121,352.8000,225.6000,37.2000,77.2131,0.0001,1
i,122,292.8000,226.8000,37.2000,69.2793,-0.0001,1
i,123,322.8000,226.8000,37.2000,101.1919,-0.0001,1
i,124,350.4000,226.8000,37.2000,78.4175,0.0004,1
i,125,348.0000,228.0000,37.2000,80.5626,0.0005,1
i,126,357.6000,228.0000,37.2000,99.9423,0.0000,1
i,127,332.4000,230.4000,37.2000,92.9542,-0.0000,1
i,128,334.8000,230.4000,37.2000,90.2766,0.0001,1
i,129,354.0000,231.6000,37.2000,107.9003,0.0000,1
i,130,356.4000,232.8000,37.2000,132.2396,0.0000,1
i,131,280.8000,234.0000,37.2000,42.9853,-0.0001,1
i,132,320.4000,237.6000,37.2000,124.3186,0.0000,1
i,133,321.6000,247.2000,37.2000,281.8182,0.0000,1
i,134,315.6000,249.6000,37.2000,280.1996,0.0000,1
i,135,310.8000,252.0000,37.2000,287.7563,0.0000,1
i,136,266.4000,253.2000,37.2000,15.3246,-0.0000,1
i,137,265.2000,255.6000,37.2000,12.2313,-0.0000,1
i,138,288.0000,258.0000,37.2000,234.6227,0.0000,1
i,139,291.6000,260.4000,37.2000,43.8429,0.0000,1
i,140,294.0000,261.6000,37.2000,47.9283,0.0000,1
i,141,268.8000,262.8000,37.2000,355.3748,0.0000,1
i,142,322.8000,266.4000,37.2000,154.4412,0.0000,1
i,143,326.4000,267.6000,37.2000,168.9139,-0.0000,1
i,144,291.6000,273.6000,37.2000,309.4895,0.0000,1
i,145,260.4000,277.2000,37.2000,39.2862,0.0005,1
i,146,290.4000,277.2000,37.2000,301.2588,0.0000,1
i,147,255.6000,279.6000,37.2000,31.3081,0.0003,1
i,148,253.2000,280.8000,37.2000,28.6896,0.0004,1
i,149,261.6000,280.8000,37.2000,37.3039,0.0004,1
i,150,318.0000,282.0000,37.2000,274.2884,0.0000,1
i,151,249.6000,285.6000,37.2000,13.0529,0.0000,1
i,152,385.2000,285.6000,37.2000,222.9023,-0.0000,1
i,153,249.6000,294.0000,37.2000,337.6827,0.0000,1
i,154,364.8000,298.8000,37.2000,165.1265,0.0001,1
i,155,370.8000,306.0000,37.2000,170.1626,0.0001,1
i,156,368.4000,307.2000,37.2000,170.6317,0.0001,1
i,157,372.0000,309.6000,37.2000,179.0744,0.0001,1
i,158,339.6000,310.8000,37.2000,53.7297,0.0000,1
i,159,369.6000,312.0000,37.2000,189.7328,0.0000,1
i,160,378.0000,315.6000,37.2000,191.6717,0.0000,1
i,161,339.6000,316.8000,37.2000,303.3710,0.0000,1
i,162,348.0000,316.8000,37.2000,232.3120,0.0000,1
i,163,336.0000,319.2000,37.2000,302.1768,0.0000,1
i,164,346.8000,319.2000,37.2000,245.0639,0.0000,1
i,165,376.8000,320.4000,37.2000,212.7038,0.0000,1
i,166,294.0000,326.4000,37.2000,292.4805,0.0000,1
i,167,356.4000,326.4000,37.2000,246.4419,0.0000,1
i,168,354.0000,327.6000,37.2000,246.0764,0.0000,1
i,169,350.4000,328.8000,37.2000,250.1026,0.0000,1
i,170,325.4400,172.8000,44.6400,75.4343,0.0000,2
i,171,334.0800,177.1200,44.6400,100.8995,-0.0000,2
i,172,336.9600,178.5600,44.6400,109.5753,-0.0000,2
i,173,385.9200,182.8800,44.6400,97.3140,0.0000,2
i,174,315.3600,185.7600,44.6400,4.2867,0.0000,2
i,175,380.1600,185.7600,44.6400,86.6992,0.0000,2
i,176,349.9200,187.2000,44.6400,127.0418,-0.0000,2
i,177,315.3600,188.6400,44.6400,352.7151,0.0000,2
i,178,393.1200,188.6400,44.6400,129.3893,0.0000,2
i,179,315.3600,191.5200,44.6400,342.5787,0.0000,2
i,180,365.7600,197.2800,44.6400,84.0429,0.0001,2
i,181,374.4000,197.2800,44.6400,78.1420,0.0002,2
i,182,368.6400,200.1600,44.6400,77.5695,0.0003,2
i,183,372.9600,200.1600,44.6400,75.3769,0.0003,2
i,184,393.1200,200.1600,44.6400,160.4847,0.0001,2
i,185,391.6800,203.0400,44.6400,167.2493,0.0001,2
i,186,370.0800,210.2400,44.6400,68.4271,0.0000,2
i,187,354.2400,216.0000,44.6400,42.1197,0.0000,2
i,188,355.6800,220.3200,44.6400,63.8326,0.0000,2
i,189,360.0000,224.6400,44.6400,90.0788,0.0000,2
i,190,322.5600,226.0800,44.6400,98.0797,-0.0001,2
i,191,349.9200,226.0800,44.6400,80.0052,0.0004,2
i,192,347.0400,227.5200,44.6400,83.0799,0.0003,2
i,193,329.7600,228.9600,44.6400,94.0982,-0.0001,2
i,194,334.0800,228.9600,44.6400,89.9641,0.0000,2
i,195,360.0000,228.9600,44.6400,114.1929,0.0000,2
i,196,354.2400,231.8400,44.6400,108.8493,0.0000,2
i,197,319.6800,236.1600,44.6400,105.0229,0.0000,2
i,198,344.1600,244.8000,44.6400,245.4525,0.0000,2
i,199,394.5600,246.2400,44.6400,188.8678,0.0000,2
i,200,315.3600,249.1200,44.6400,280.3849,0.0000,2
i,201,311.0400,250.5600,44.6400,277.8357,0.0000,2
i,202,288.0000,257.7600,44.6400,247.7166,0.0000,2
i,203,290.8800,259.2000,44.6400,262.0294,0.0000,2
i,204,269.2800,263.5200,44.6400,3.7129,0.0000,2
i,205,290.8800,273.6000,44.6400,307.4648,0.0000,2
i,206,260.6400,275.0400,44.6400,29.6513,0.0002,2
i,207,259.2000,279.3600,44.6400,24.0329,0.0004,2
i,208,252.0000,280.8000,44.6400,19.1276,0.0002,2
i,209,252.0000,283.6800,44.6400,13.7507,0.0003,2
i,210,249.1200,292.3200,44.6400,348.5288,0.0000,2
i,211,368.6400,298.0800,44.6400,180.8439,0.0000,2
i,212,365.7600,299.5200,44.6400,174.4942,0.0000,2
i,213,367.2000,306.7200,44.6400,185.6150,0.0001,2
i,214,372.9600,309.6000,44.6400,191.3357,0.0000,2
i,215,341.2800,311.0400,44.6400,34.3812,0.0000,2
i,216,377.2800,313.9200,44.6400,193.7390,0.0000,2
i,217,377.2800,318.2400,44.6400,204.8177,0.0000,2
i,218,375.8400,321.1200,44.6400,215.7750,0.0000,2
i,219,349.9200,328.3200,44.6400,253.0533,0.0000,2
i,220,324.8640,172.8000,53.5680,71.3219,0.0000,3
i,221,387.0720,183.1680,53.5680,104.8396,0.0000,3
i,222,380.1600,186.6240,53.5680,96.5942,0.0000,3
i,223,392.2560,188.3520,53.5680,124.8721,0.0000,3
i,224,366.3360,196.9920,53.5680,79.5949,0.0001,3
i,225,373.2480,196.9920,53.5680,91.5585,0.0002,3
i,226,369.7920,200.4480,53.5680,79.4392,0.0004,3
i,227,393.9840,200.4480,53.5680,153.7461,0.0000,3
i,228,390.5280,203.9040,53.5680,154.1659,0.0000,3
i,229,369.7920,210.8160,53.5680,69.2275,0.0000,3
i,230,354.2400,216.0000,53.5680,52.9722,0.0000,3
i,231,355.9680,221.1840,53.5680,63.5464,0.0000,3
i,232,321.4080,226.3680,53.5680,97.2458,-0.0001,3
i,233,347.3280,228.0960,53.5680,86.2231,0.0002,3
i,234,330.0480,229.8240,53.5680,92.7189,-0.0000,3
i,235,333.5040,229.8240,53.5680,90.0956,0.0000,3
i,236,350.7840,229.8240,53.5680,92.2325,0.0002,3
i,237,359.4240,229.8240,53.5680,110.2490,0.0000,3
i,238,354.2400,231.5520,53.5680,103.5492,0.0001,3
i,239,319.6800,236.7360,53.5680,103.8355,0.0000,3
i,240,347.3280,241.9200,53.5680,175.2006,0.0000,3
i,241,343.8720,245.3760,53.5680,229.6471,0.0000,3
i,242,393.9840,247.1040,53.5680,187.7892,0.0000,3
i,243,311.0400,250.5600,53.5680,272.1501,0.0000,3
i,244,314.4960,250.5600,53.5680,273.8718,0.0000,3
i,245,267.8400,255.7440,53.5680,8.7601,0.0000,3
i,246,290.3040,259.2000,53.5680,266.7892,0.0000,3
i,247,269.5680,264.3840,53.5680,11.5293,0.0000,3
i,248,264.3840,267.8400,53.5680,19.0951,0.0000,3
i,249,290.3040,273.0240,53.5680,291.0760,0.0000,3
i,250,333.5040,273.0240,53.5680,210.7838,0.0000,3
i,251,259.2000,276.4800,53.5680,17.8985,0.0002,3
i,252,255.7440,279.9360,53.5680,14.3476,0.0004,3
i,253,259.2000,279.9360,53.5680,14.4672,0.0002,3
i,254,252.2880,281.6640,53.5680,11.9078,0.0003,3
i,255,364.6080,298.9440,53.5680,178.4679,0.0000,3
i,256,369.7920,298.9440,53.5680,189.1702,0.0000,3
i,257,368.0640,307.5840,53.5680,195.4554,0.0001,3
i,258,340.4160,311.0400,53.5680,284.4539,0.0000,3
i,259,369.7920,311.0400,53.5680,200.0108,0.0001,3
i,260,347.3280,314.4960,53.5680,262.8702,0.0000,3
i,261,376.7040,314.4960,53.5680,201.7383,0.0000,3
i,262,336.9600,317.9520,53.5680,273.4199,0.0000,3
i,263,376.7040,317.9520,53.5680,205.5603,0.0000,3
i,264,374.9760,321.4080,53.5680,212.7458,0.0000,3
i,265,347.3280,331.7760,53.5680,259.4778,0.0000,3
i,266,325.5552,172.1088,64.2816,66.6441,0.0000,4
i,267,387.7632,182.4768,64.2816,109.3733,0.0000,4
i,268,315.1873,186.6240,64.2816,5.0606,0.0000,4
i,269,379.4688,186.6240,64.2816,104.1956,0.0000,4
i,270,393.9841,188.6976,64.2816,128.0400,0.0000,4
i,271,317.2608,190.7712,64.2816,353.0550,0.0000,4
i,272,373.2480,194.9184,64.2816,100.2938,0.0001,4
i,273,393.9841,199.0656,64.2816,143.4343,0.0000,4
i,274,371.1744,201.1392,64.2816,93.6835,0.0002,4
i,275,391.9105,203.2128,64.2816,147.1467,0.0000,4
i,276,354.5857,215.6544,64.2816,72.5082,0.0000,4
i,277,356.6592,221.8752,64.2816,80.2695,0.0001,4
i,278,294.4512,226.0224,64.2816,68.1013,-0.0001,4
i,279,348.3648,226.0224,64.2816,86.3334,0.0002,4
i,280,335.9232,228.0960,64.2816,88.4935,0.0000,4
i,281,352.5121,228.0960,64.2816,92.7728,0.0002,4
i,282,356.6592,232.2432,64.2816,113.6598,0.0000,4
i,283,348.3648,240.5376,64.2816,139.5809,0.0000,4
i,284,344.2177,244.6848,64.2816,167.8759,0.0000,4
i,285,393.9841,246.7584,64.2816,187.6659,0.0000,4
i,286,311.0400,250.9056,64.2816,260.7379,0.0000,4
i,287,267.4944,255.0528,64.2816,16.4371,0.0000,4
i,288,290.3040,259.2000,64.2816,309.7195,0.0000,4
i,289,271.6416,263.3472,64.2816,11.2108,0.0000,4
i,290,265.4208,267.4944,64.2816,14.5588,0.0000,4
i,291,261.2737,271.6416,64.2816,12.3581,0.0001,4
i,292,292.3777,271.6416,64.2816,281.5537,0.0000,4
i,293,259.2000,275.7888,64.2816,9.3243,0.0002,4
i,294,259.2000,279.9360,64.2816,4.2089,0.0002,4
i,295,250.9056,284.0833,64.2816,1.7211,0.0002,4
i,296,364.9536,298.5984,64.2816,191.9798,0.0000,4
i,297,371.1744,298.5984,64.2816,196.6255,0.0000,4
i,298,371.1744,308.9664,64.2816,203.4764,0.0001,4
i,299,342.1440,311.0400,64.2816,270.2104,0.0000,4
i,300,346.2913,315.1873,64.2816,259.3037,0.0000,4
i,301,377.3953,317.2608,64.2816,208.6516,0.0000,4
i,302,323.4817,174.1824,77.1379,55.8493,0.0000,5
i,303,385.6897,184.1357,77.1379,115.9739,0.0000,5
i,304,393.1547,189.1124,77.1379,128.5403,0.0000,5
i,305,316.0167,191.6007,77.1379,35.3233,0.0000,5
i,306,373.2481,194.0890,77.1379,108.8803,0.0001,5
i,307,393.1547,199.0656,77.1379,140.3498,0.0000,5
i,308,370.7598,201.5540,77.1379,106.0109,0.0001,5
i,309,390.6663,204.0423,77.1379,144.2406,0.0000,5
i,310,395.6430,206.5306,77.1379,154.6856,0.0000,5
i,311,350.8532,213.9956,77.1379,81.5423,0.0000,5
i,312,355.8298,223.9489,77.1379,91.4069,0.0001,5
i,313,293.6218,226.4372,77.1379,67.2482,-0.0000,5
i,314,333.4350,228.9255,77.1379,89.8852,0.0000,5
i,315,311.0401,251.3204,77.1379,207.1558,0.0000,5
i,316,268.7386,253.8087,77.1379,19.1061,0.0000,5
i,317,268.7386,268.7386,77.1379,6.7341,0.0000,5
i,318,291.1335,271.2270,77.1379,298.3331,0.0000,5
i,319,328.4583,271.2270,77.1379,247.8719,0.0000,5
i,320,258.7853,273.7153,77.1379,5.7861,0.0002,5
i,321,370.7598,298.5985,77.1379,201.2596,0.0000,5
i,322,370.7598,311.0401,77.1379,209.9652,0.0000,5
i,323,375.7364,318.5050,77.1379,211.9719,0.0000,5
i,324,325.4724,173.1871,92.5655,58.6027,0.0000,6
i,325,382.2061,185.1311,92.5655,119.7343,0.0000,6
i,326,316.5144,191.1030,92.5655,66.5024,0.0000,6
i,327,373.2481,194.0890,92.5655,114.3940,0.0000,6
i,328,370.2621,203.0470,92.5655,114.1733,0.0001,6
i,329,394.1500,206.0330,92.5655,150.1482,0.0000,6
i,330,349.3602,214.9909,92.5655,86.9767,0.0000,6
i,331,355.3322,223.9489,92.5655,103.6423,0.0001,6
i,332,292.6265,226.9348,92.5655,62.6140,-0.0000,6
i,333,346.3742,226.9348,92.5655,96.9261,0.0001,6
i,334,334.4303,229.9208,92.5655,91.8064,0.0000,6
i,335,277.6966,235.8928,92.5655,39.4810,0.0000,6
i,336,394.1500,247.8367,92.5655,191.5149,0.0000,6
i,337,268.7386,253.8087,92.5655,20.0647,0.0000,6
i,338,268.7386,268.7386,92.5655,2.2479,0.0000,6
i,339,298.5985,268.7386,92.5655,294.6695,0.0000,6
i,340,292.6265,271.7246,92.5655,311.8563,0.0000,6
i,341,328.4583,271.7246,92.5655,254.3161,0.0000,6
i,342,256.7947,274.7106,92.5655,359.6367,0.0001,6
i,343,256.7947,280.6826,92.5655,352.4322,0.0002,6
i,344,250.8227,283.6685,92.5655,351.8607,0.0002,6
i,345,370.2621,298.5985,92.5655,206.7906,0.0000,6
i,346,343.3882,313.5284,92.5655,246.7687,0.0000,6
i,347,318.9032,189.9086,111.0786,71.8183,0.0000,7
i,348,369.0677,193.4918,111.0786,111.1387,0.0000,7
i,349,372.6509,200.6582,111.0786,121.9093,0.0000,7
i,350,351.1518,214.9909,111.0786,99.9063,0.0001,7
i,351,293.8209,225.7405,111.0786,55.3530,0.0000,7
i,352,336.8191,225.7405,111.0786,90.5243,0.0000,7
i,353,343.9855,225.7405,111.0786,97.6457,0.0001,7
i,354,351.1518,229.3236,111.0786,120.5378,0.0001,7
i,355,279.4882,232.9068,111.0786,45.3813,0.0000,7
i,356,272.3218,250.8227,111.0786,24.7231,0.0000,7
i,357,268.7386,268.7386,111.0786,358.2829,0.0000,7
i,358,297.4041,268.7386,111.0786,342.4800,0.0000,7
i,359,257.9891,272.3218,111.0786,357.1010,0.0001,7
i,360,329.6527,272.3218,111.0786,241.3744,0.0000,7
i,361,254.4059,283.0714,111.0786,347.0710,0.0001,7
i,362,250.8227,293.8209,111.0786,338.4853,0.0000,7
i,363,372.6509,297.4041,111.0786,210.7664,0.0000,7
i,364,343.9855,311.7368,111.0786,245.3256,0.0000,7
i,365,369.0677,311.7368,111.0786,223.2072,0.0000,7
j,0,327.0000,174.0000,31.0000,96.7684,0.0001,0
j,1,318.0000,175.0000,31.0000,57.4881,0.0000,0
j,2,329.0000,175.0000,31.0000,102.5785,0.0001,0
j,3,333.0000,178.0000,31.0000,115.8809,0.0001,0
j,4,313.0000,180.0000,31.0000,25.1771,0.0000,0
j,5,339.0000,181.0000,31.0000,120.5751,0.0000,0
j,6,341.0000,182.0000,31.0000,121.5168,0.0000,0
j,7,343.0000,183.0000,31.0000,122.9492,0.0000,0
j,8,346.0000,185.0000,31.0000,126.1590,0.0000,0
j,9,376.0000,185.0000,31.0000,91.5548,0.0001,0
j,10,311.0000,187.0000,31.0000,356.7889,0.0000,0
j,11,349.0000,187.0000,31.0000,126.6869,0.0000,0
j,12,371.0000,187.0000,31.0000,70.9313,0.0000,0
j,13,383.0000,187.0000,31.0000,128.5033,0.0001,0
j,14,351.0000,188.0000,31.0000,125.9213,0.0000,0
j,15,368.0000,188.0000,31.0000,71.0400,0.0001,0
j,16,311.0000,189.0000,31.0000,349.6368,0.0000,0
j,17,354.0000,190.0000,31.0000,114.9898,0.0000,0
j,18,386.0000,190.0000,31.0000,131.7669,0.0000,0
j,19,366.0000,191.0000,31.0000,74.9062,0.0000,0
j,20,365.0000,193.0000,31.0000,75.5029,0.0000,0
j,21,360.0000,195.0000,31.0000,91.8044,0.0000,0
j,22,389.0000,202.0000,31.0000,122.6624,0.0006,0
j,23,396.0000,204.0000,31.0000,138.7810,0.0000,0
j,24,387.0000,206.0000,31.0000,111.7215,0.0001,0
j,25,391.0000,209.0000,31.0000,140.3186,0.0000,0
j,26,384.0000,212.0000,31.0000,331.3182,0.0000,0
j,27,367.0000,219.0000,31.0000,33.3996,0.0000,0
j,28,358.0000,221.0000,31.0000,52.3395,0.0000,0
j,29,402.0000,221.0000,31.0000,178.3802,0.0000,0
j,30,402.0000,223.0000,31.0000,174.6821,0.0000,0
j,31,400.0000,224.0000,31.0000,173.7779,0.0000,0
j,32,356.0000,226.0000,31.0000,80.1055,0.0001,0
j,33,354.0000,227.0000,31.0000,81.8285,0.0004,0
j,34,363.0000,227.0000,31.0000,104.7104,0.0000,0
j,35,404.0000,228.0000,31.0000,175.0876,0.0000,0
j,36,352.0000,229.0000,31.0000,87.5603,0.0004,0
j,37,356.0000,230.0000,31.0000,97.6893,0.0002,0
j,38,358.0000,231.0000,31.0000,111.1733,0.0000,0
j,39,355.0000,233.0000,31.0000,114.0793,0.0000,0
j,40,358.0000,234.0000,31.0000,142.2044,0.0000,0
j,41,320.0000,238.0000,31.0000,288.0391,0.0000,0
j,42,343.0000,239.0000,31.0000,186.3548,0.0000,0
j,43,404.0000,240.0000,31.0000,197.6537,0.0000,0
j,44,320.0000,246.0000,31.0000,286.5558,0.0000,0
j,45,314.0000,249.0000,31.0000,283.9161,0.0000,0
j,46,309.0000,250.0000,31.0000,280.1689,0.0000,0
j,47,307.0000,251.0000,31.0000,278.8313,0.0000,0
j,48,270.0000,254.0000,31.0000,15.9617,0.0000,0
j,49,398.0000,255.0000,31.0000,186.9481,0.0000,0
j,50,269.0000,256.0000,31.0000,12.1189,0.0000,0
j,51,289.0000,256.0000,31.0000,182.9958,0.0000,0
j,52,287.0000,257.0000,31.0000,187.5592,0.0000,0
j,53,338.0000,258.0000,31.0000,257.0011,0.0000,0
j,54,290.0000,259.0000,31.0000,77.1502,0.0000,0
j,55,292.0000,260.0000,31.0000,74.0787,0.0000,0
j,56,271.0000,264.0000,31.0000,357.8501,0.0000,0
j,57,298.0000,264.0000,31.0000,67.3074,0.0000,0
j,58,320.0000,267.0000,31.0000,134.7635,0.0000,0
j,59,322.0000,268.0000,31.0000,150.4360,0.0000,0
j,60,270.0000,269.0000,31.0000,26.1667,0.0000,0
j,61,326.0000,269.0000,31.0000,167.9205,0.0000,0
j,62,398.0000,270.0000,31.0000,193.5646,0.0000,0
j,63,330.0000,272.0000,31.0000,182.9188,0.0000,0
j,64,332.0000,273.0000,31.0000,186.4688,0.0000,0
j,65,287.0000,274.0000,31.0000,310.9988,0.0000,0
j,66,265.0000,276.0000,31.0000,45.1443,0.0006,0
j,67,258.0000,278.0000,31.0000,32.4718,0.0005,0
j,68,257.0000,280.0000,31.0000,26.7759,0.0004,0
j,69,265.0000,280.0000,31.0000,42.9053,0.0000,0
j,70,255.0000,282.0000,31.0000,15.9841,0.0001,0
j,71,312.0000,282.0000,31.0000,279.8231,0.0000,0
j,72,255.0000,284.0000,31.0000,6.7233,0.0000,0
j,73,257.0000,291.0000,31.0000,331.7991,0.0000,0
j,74,255.0000,293.0000,31.0000,331.6812,0.0000,0
j,75,367.0000,299.0000,31.0000,135.6741,0.0001,0
j,76,370.0000,299.0000,31.0000,157.2319,0.0002,0
j,77,373.0000,302.0000,31.0000,163.1993,0.0001,0
j,78,365.0000,303.0000,31.0000,105.2303,0.0000,0
j,79,373.0000,305.0000,31.0000,163.2837,0.0000,0
j,80,376.0000,309.0000,31.0000,171.9677,0.0000,0
j,81,371.0000,310.0000,31.0000,169.7362,0.0000,0
j,82,337.0000,311.0000,31.0000,62.5271,0.0000,0
j,83,342.0000,311.0000,31.0000,104.2667,0.0000,0
j,84,374.0000,312.0000,31.0000,181.8624,0.0001,0
j,85,376.0000,312.0000,31.0000,180.2022,0.0001,0
j,86,346.0000,314.0000,31.0000,149.7681,0.0000,0
j,87,334.0000,315.0000,31.0000,17.0902,0.0000,0
j,88,334.0000,317.0000,31.0000,359.1405,0.0000,0
j,89,379.0000,317.0000,31.0000,194.0969,0.0000,0
j,90,345.0000,318.0000,31.0000,202.4382,0.0000,0
j,91,374.0000,318.0000,31.0000,211.8153,0.0000,0
j,92,343.0000,320.0000,31.0000,237.6051,0.0000,0
j,93,353.0000,321.0000,31.0000,233.3646,0.0000,0
j,94,379.0000,322.0000,31.0000,212.0635,0.0000,0
j,95,374.0000,326.0000,31.0000,240.4985,0.0000,0
j,96,347.0000,332.0000,31.0000,254.7975,0.0000,0
j,97,345.0000,333.0000,31.0000,257.7918,0.0000,0
j,98,326.4000,174.0000,37.2000,91.6433,0.0000,1
j,99,318.0000,175.2000,37.2000,58.1817,0.0000,1
j,100,332.4000,177.6000,37.2000,110.5392,0.0000,1
j,101,313.2000,180.0000,37.2000,26.9238,0.0000,1
j,102,338.4000,181.2000,37.2000,120.6571,-0.0000,1
j,103,340.8000,182.4000,37.2000,121.8596,-0.0000,1
j,104,345.6000,184.8000,37.2000,124.9467,-0.0000,1
j,105,375.6000,184.8000,37.2000,91.5766,0.0000,1
j,106,310.8000,187.2000,37.2000,354.7577,0.0000,1
j,107,381.6000,187.2000,37.2000,116.2216,0.0000,1
j,108,350.4000,188.4000,37.2000,118.5645,-0.0000,1
j,109,367.2000,188.4000,37.2000,80.8459,0.0000,1
j,110,354.0000,189.6000,37.2000,108.4414,0.0000,1
j,111,366.0000,190.8000,37.2000,80.9609,0.0000,1
j,112,358.8000,194.4000,37.2000,94.6269,0.0000,1
j,113,314.4000,195.6000,37.2000,322.8288,0.0000,1
j,114,388.8000,202.8000,37.2000,132.8378,0.0004,1
j,115,394.8000,204.0000,37.2000,143.2549,0.0000,1
j,116,387.6000,206.4000,37.2000,133.5865,0.0001,1
j,117,399.6000,206.4000,37.2000,152.8347,0.0001,1
j,118,391.2000,208.8000,37.2000,147.1516,0.0000,1
j,119,384.0000,212.4000,37.2000,81.0692,0.0000,1
j,120,366.0000,219.6000,37.2000,52.9292,0.0000,1
j,121,357.6000,220.8000,37.2000,60.0217,0.0000,1
j,122,402.0000,220.8000,37.2000,181.4340,0.0000,1
j,123,301.2000,223.2000,37.2000,77.4191,-0.0001,1
j,124,298.8000,224.4000,37.2000,73.2018,-0.0001,1
j,125,399.6000,224.4000,37.2000,180.6974,0.0000,1
j,126,296.4000,225.6000,37.2000,68.2337,-0.0001,1
j,127,360.0000,225.6000,37.2000,87.2261,0.0000,1
j,128,294.0000,226.8000,37.2000,63.1493,-0.0001,1
j,129,326.4000,226.8000,37.2000,102.5095,-0.0001,1
j,130,354.0000,226.8000,37.2000,81.7573,0.0002,1
j,131,330.0000,228.0000,37.2000,100.8496,-0.0001,1
j,132,332.4000,229.2000,37.2000,99.9283,-0.0000,1
j,133,358.8000,230.4000,37.2000,105.8795,0.0000,1
j,134,357.6000,234.0000,37.2000,128.8195,0.0000,1
j,135,319.2000,237.6000,37.2000,266.5463,0.0000,1
j,136,274.8000,244.8000,37.2000,21.8223,-0.0000,1
j,137,343.2000,246.0000,37.2000,253.0649,0.0000,1
j,138,291.6000,248.4000,37.2000,254.5614,0.0000,1
j,139,309.6000,249.6000,37.2000,281.2625,0.0000,1
j,140,313.2000,249.6000,37.2000,282.8567,0.0000,1
j,141,397.2000,249.6000,37.2000,193.4520,0.0000,1
j,142,307.2000,250.8000,37.2000,281.1974,0.0000,1
j,143,270.0000,253.2000,37.2000,13.9410,0.0000,1
j,144,268.8000,255.6000,37.2000,10.1111,0.0000,1
j,145,286.8000,256.8000,37.2000,231.4310,0.0000,1
j,146,271.2000,262.8000,37.2000,6.1197,0.0000,1
j,147,297.6000,264.0000,37.2000,43.6989,-0.0000,1
j,148,266.4000,265.2000,37.2000,22.8912,0.0000,1
j,149,289.2000,267.6000,37.2000,340.1697,0.0000,1
j,150,268.8000,268.8000,37.2000,25.6507,0.0000,1
j,151,325.2000,268.8000,37.2000,179.5205,0.0000,1
j,152,330.0000,272.4000,37.2000,193.6959,0.0000,1
j,153,264.0000,276.0000,37.2000,32.9826,0.0004,1
j,154,256.8000,278.4000,37.2000,22.6509,0.0002,1
j,155,254.4000,282.0000,37.2000,14.8664,0.0001,1
j,156,254.4000,292.8000,37.2000,333.5815,0.0000,1
j,157,367.2000,298.8000,37.2000,152.3767,0.0001,1
j,158,369.6000,298.8000,37.2000,162.5239,0.0002,1
j,159,375.6000,308.4000,37.2000,177.8150,0.0000,1
j,160,367.2000,309.6000,37.2000,175.3168,0.0000,1
j,161,337.2000,310.8000,37.2000,65.1689,0.0000,1
j,162,339.6000,310.8000,37.2000,85.5249,0.0000,1
j,163,375.6000,312.0000,37.2000,187.0379,0.0001,1
j,164,375.6000,314.4000,37.2000,195.2878,0.0001,1
j,165,283.2000,315.6000,37.2000,303.5861,0.0000,1
j,166,345.6000,315.6000,37.2000,197.5122,0.0000,1
j,167,334.8000,318.0000,37.2000,315.0938,0.0000,1
j,168,330.0000,320.4000,37.2000,309.1469,0.0000,1
j,169,379.2000,321.6000,37.2000,210.7717,0.0000,1
j,170,346.8000,332.4000,37.2000,255.6345,0.0000,1
j,171,322.5600,172.8000,44.6400,77.0933,0.0000,2
j,172,312.4800,180.0000,44.6400,25.4375,0.0000,2
j,173,375.8400,184.3200,44.6400,98.0246,0.0000,2
j,174,381.6000,187.2000,44.6400,105.6545,0.0000,2
j,175,367.2000,188.6400,44.6400,92.2483,0.0000,2
j,176,358.5600,194.4000,44.6400,91.6229,0.0000,2
j,177,362.8800,194.4000,44.6400,87.5048,0.0000,2
j,178,387.3600,198.7200,44.6400,130.4117,0.0002,2
j,179,388.8000,203.0400,44.6400,139.4319,0.0003,2
j,180,398.8800,205.9200,44.6400,152.2648,0.0001,2
j,181,357.1200,217.4400,44.6400,49.4664,0.0000,2
j,182,357.1200,220.3200,44.6400,64.7382,0.0000,2
j,183,401.7600,220.3200,44.6400,179.8683,0.0000,2
j,184,357.1200,224.6400,44.6400,79.7591,0.0001,2
j,185,349.9200,227.5200,44.6400,88.2301,0.0002,2
j,186,332.6400,228.9600,44.6400,99.2754,-0.0000,2
j,187,358.5600,230.4000,44.6400,105.0276,0.0000,2
j,188,355.6800,233.2800,44.6400,115.1963,0.0000,2
j,189,318.2400,236.1600,44.6400,104.7708,0.0000,2
j,190,344.1600,241.9200,44.6400,193.2971,0.0000,2
j,191,312.4800,249.1200,44.6400,280.6900,0.0000,2
j,192,397.4400,249.1200,44.6400,191.8952,0.0000,2
j,193,308.1600,250.5600,44.6400,276.2086,0.0000,2
j,194,269.2800,253.4400,44.6400,10.3632,0.0000,2
j,195,286.5600,256.3200,44.6400,317.2281,0.0000,2
j,196,289.4400,259.2000,44.6400,269.4262,0.0000,2
j,197,266.4000,264.9600,44.6400,22.6369,0.0000,2
j,198,269.2800,267.8400,44.6400,20.1973,0.0000,2
j,199,292.3200,267.8400,44.6400,331.0549,0.0000,2
j,200,263.5200,270.7200,44.6400,24.8697,0.0002,2
j,201,263.5200,273.6000,44.6400,24.4825,0.0002,2
j,202,263.5200,276.4800,44.6400,21.7255,0.0003,2
j,203,257.7600,277.9200,44.6400,17.2875,0.0003,2
j,204,256.3200,280.8000,44.6400,11.1297,0.0002,2
j,205,365.7600,299.5200,44.6400,165.4188,0.0001,2
j,206,368.6400,299.5200,44.6400,173.0208,0.0001,2
j,207,372.9600,299.5200,44.6400,179.2225,0.0001,2
j,208,371.5200,302.4000,44.6400,177.8011,0.0001,2
j,209,367.2000,311.0400,44.6400,203.1982,0.0000,2
j,210,338.4000,312.4800,44.6400,357.5341,0.0000,2
j,211,372.9600,312.4800,44.6400,200.4190,0.0001,2
j,212,365.7600,313.9200,44.6400,216.7962,0.0000,2
j,213,377.2800,315.3600,44.6400,201.3051,0.0000,2
j,214,344.1600,316.8000,44.6400,249.9853,0.0000,2
j,215,334.0800,318.2400,44.6400,286.9630,0.0000,2
j,216,378.7200,321.1200,44.6400,212.9144,0.0000,2
j,217,345.6000,331.2000,44.6400,257.1805,0.0000,2
j,218,321.4080,172.8000,53.5680,70.3247,0.0000,3
j,219,331.7760,177.9840,53.5680,96.5263,-0.0000,3
j,220,312.7680,179.7120,53.5680,28.2219,0.0000,3
j,221,374.9760,184.8960,53.5680,99.5552,0.0000,3
j,222,383.6160,188.3520,53.5680,107.3782,0.0000,3
j,223,362.8800,193.5360,53.5680,94.2910,0.0000,3
j,224,388.8000,203.9040,53.5680,142.6821,0.0002,3
j,225,395.7120,205.6320,53.5680,150.8265,0.0001,3
j,226,399.1680,205.6320,53.5680,152.8666,0.0001,3
j,227,355.9680,217.7280,53.5680,60.6069,0.0000,3
j,228,357.6960,224.6400,53.5680,82.3020,0.0001,3
j,229,350.7840,228.0960,53.5680,94.3275,0.0002,3
j,230,333.5040,229.8240,53.5680,98.5473,0.0000,3
j,231,359.4240,231.5520,53.5680,111.3519,0.0000,3
j,232,317.9520,236.7360,53.5680,101.9811,0.0000,3
j,233,397.4400,250.5600,53.5680,190.9609,0.0000,3
j,234,269.5680,254.0160,53.5680,15.8189,0.0000,3
j,235,286.8480,257.4720,53.5680,339.7739,0.0000,3
j,236,266.1120,264.3840,53.5680,20.4576,0.0000,3
j,237,293.7600,266.1120,53.5680,296.7064,0.0000,3
j,238,267.8400,267.8400,53.5680,17.9730,0.0000,3
j,239,286.8480,271.2960,53.5680,312.7582,0.0000,3
j,240,262.6560,273.0240,53.5680,15.3659,0.0002,3
j,241,328.3200,273.0240,53.5680,213.0361,0.0000,3
j,242,257.4720,278.2080,53.5680,11.8605,0.0003,3
j,243,262.6560,278.2080,53.5680,10.6557,0.0002,3
j,244,255.7440,281.6640,53.5680,6.1572,0.0002,3
j,245,368.0640,300.6720,53.5680,183.3938,0.0001,3
j,246,366.3360,312.7680,53.5680,209.6056,0.0000,3
j,247,373.2480,312.7680,53.5680,206.0799,0.0000,3
j,248,343.8720,316.2240,53.5680,270.4894,0.0000,3
j,249,335.2320,317.9520,53.5680,274.7700,0.0000,3
j,250,378.4320,321.4080,53.5680,214.0948,0.0000,3
j,251,345.6000,331.7760,53.5680,260.6859,0.0000,3
j,252,323.4817,172.1088,64.2816,68.7550,0.0000,4
j,253,375.3217,184.5504,64.2816,102.2380,0.0000,4
j,254,383.6161,186.6240,64.2816,108.8108,0.0000,4
j,255,367.0273,188.6976,64.2816,99.1222,0.0000,4
j,256,313.1136,190.7712,64.2816,351.3662,0.0000,4
j,257,362.8801,192.8448,64.2816,91.3640,0.0000,4
j,258,389.8369,203.2128,64.2816,138.2296,0.0001,4
j,259,398.1313,205.2864,64.2816,152.0778,0.0001,4
j,260,356.6592,217.7280,64.2816,75.2838,0.0000,4
j,261,298.5984,223.9488,64.2816,68.1650,-0.0000,4
j,262,350.4384,226.0224,64.2816,96.6570,0.0001,4
j,263,356.6592,226.0224,64.2816,96.6768,0.0001,4
j,264,331.7761,228.0960,64.2816,96.1498,-0.0000,4
j,265,337.9969,228.0960,64.2816,96.4283,-0.0000,4
j,266,354.5857,230.1696,64.2816,107.9704,0.0001,4
j,267,398.1313,248.8320,64.2816,189.6097,0.0000,4
j,268,271.6416,252.9792,64.2816,19.5036,0.0000,4
j,269,286.1568,257.1264,64.2816,356.2663,0.0000,4
j,270,269.5680,265.4208,64.2816,13.4794,0.0000,4
j,271,294.4512,265.4208,64.2816,293.1542,0.0000,4
j,272,263.3472,271.6416,64.2816,9.3996,0.0002,4
j,273,286.1568,271.6416,64.2816,331.6042,0.0000,4
j,274,327.6288,271.6416,64.2816,232.5583,0.0000,4
j,275,257.1264,277.8624,64.2816,4.5455,0.0002,4
j,276,261.2737,277.8624,64.2816,2.1015,0.0003,4
j,277,369.1009,298.5984,64.2816,193.6829,0.0001,4
j,278,375.3217,298.5984,64.2816,197.8519,0.0000,4
j,279,373.2480,306.8929,64.2816,205.2049,0.0000,4
j,280,337.9969,311.0400,64.2816,282.7831,0.0000,4
j,281,367.0273,311.0400,64.2816,210.2973,0.0000,4
j,282,371.1744,313.1136,64.2816,211.4821,0.0000,4
j,283,344.2177,315.1873,64.2816,276.3527,0.0000,4
j,284,335.9232,317.2608,64.2816,274.6783,0.0000,4
j,285,377.3953,319.3344,64.2816,215.8015,0.0000,4
j,286,354.5857,327.6288,64.2816,256.3007,0.0000,4
j,287,320.9933,171.6941,77.1379,60.7626,0.0000,5
j,288,370.7598,186.6240,77.1379,104.6334,0.0000,5
j,289,378.2247,186.6240,77.1379,110.4849,0.0000,5
j,290,383.2014,189.1124,77.1379,116.4782,0.0000,5
j,291,360.8065,191.6007,77.1379,92.2750,0.0000,5
j,292,388.1780,204.0423,77.1379,135.7929,0.0001,5
j,293,398.1313,206.5306,77.1379,152.5869,0.0001,5
j,294,353.3415,216.4839,77.1379,83.1682,0.0000,5
j,295,298.5985,223.9489,77.1379,65.6064,-0.0000,5
j,296,306.0634,223.9489,77.1379,71.1164,-0.0000,5
j,297,323.4817,226.4372,77.1379,84.1921,-0.0000,5
j,298,350.8532,226.4372,77.1379,101.7523,0.0001,5
j,299,355.8298,226.4372,77.1379,101.0261,0.0001,5
j,300,330.9466,228.9255,77.1379,93.9895,-0.0000,5
j,301,338.4116,228.9255,77.1379,99.9872,-0.0000,5
j,302,353.3415,231.4138,77.1379,113.9658,0.0001,5
j,303,281.1802,236.3905,77.1379,37.2533,0.0000,5
j,304,398.1313,248.8321,77.1379,189.2683,0.0000,5
j,305,271.2270,251.3204,77.1379,21.5971,0.0000,5
j,306,268.7386,266.2503,77.1379,9.1677,0.0000,5
j,307,263.7620,271.2270,77.1379,5.2483,0.0002,5
j,308,325.9700,273.7153,77.1379,245.0573,0.0000,5
j,309,258.7853,278.6919,77.1379,357.2225,0.0002,5
j,310,375.7364,298.5985,77.1379,202.4099,0.0000,5
j,311,368.2715,301.0868,77.1379,203.3264,0.0000,5
j,312,370.7598,313.5284,77.1379,213.9710,0.0000,5
j,313,343.3882,316.0167,77.1379,263.5624,0.0000,5
j,314,375.7364,320.9933,77.1379,217.4236,0.0000,5
j,315,353.3415,328.4583,77.1379,252.0034,0.0000,5
j,316,319.5004,173.1871,92.5655,51.8582,0.0000,6
j,317,370.2621,185.1311,92.5655,107.6058,0.0000,6
j,318,376.2341,188.1170,92.5655,113.2901,0.0000,6
j,319,382.2061,188.1170,92.5655,118.7571,0.0000,6
j,320,388.1780,197.0750,92.5655,129.4698,0.0000,6
j,321,388.1780,203.0470,92.5655,135.0266,0.0000,6
j,322,352.3462,217.9769,92.5655,94.1851,0.0001,6
j,323,298.5985,223.9489,92.5655,60.5796,0.0000,6
j,324,307.5564,223.9489,92.5655,65.9004,-0.0000,6
j,325,322.4864,226.9348,92.5655,77.1600,-0.0000,6
j,326,346.3742,226.9348,92.5655,101.7280,0.0001,6
j,327,355.3322,226.9348,92.5655,101.7983,0.0001,6
j,328,337.4163,229.9208,92.5655,101.4769,0.0000,6
j,329,352.3462,232.9068,92.5655,115.2582,0.0001,6
j,330,280.6826,235.8928,92.5655,38.8772,0.0000,6
j,331,271.7246,250.8227,92.5655,21.7420,0.0000,6
j,332,397.1360,250.8227,92.5655,193.6699,0.0000,6
j,333,268.7386,265.7527,92.5655,5.2753,0.0000,6
j,334,262.7667,268.7386,92.5655,3.3001,0.0001,6
j,335,292.6265,268.7386,92.5655,333.9024,0.0000,6
j,336,322.4864,271.7246,92.5655,259.2861,0.0000,6
j,337,256.7947,280.6826,92.5655,351.7361,0.0001,6
j,338,376.2341,298.5985,92.5655,204.6275,0.0000,6
j,339,367.2761,301.5845,92.5655,211.0333,0.0000,6
j,340,370.2621,313.5284,92.5655,218.8551,0.0000,6
j,341,340.4023,316.5144,92.5655,259.8528,0.0000,6
j,342,376.2341,319.5004,92.5655,218.2022,0.0000,6
j,343,352.3462,328.4583,92.5655,249.1796,0.0000,6
j,344,343.3882,331.4443,92.5655,263.1390,0.0000,6
j,345,322.4864,171.9927,111.0786,60.9135,0.0000,7
j,346,311.7368,186.3255,111.0786,68.9092,0.0000,7
j,347,372.6509,186.3255,111.0786,111.5932,0.0000,7
j,348,361.9014,189.9086,111.0786,99.8347,0.0000,7
j,349,390.5668,197.0750,111.0786,132.5999,0.0000,7
j,350,390.5668,204.2414,111.0786,138.6440,0.0000,7
j,351,351.1518,218.5741,111.0786,102.9584,0.0001,7
j,352,308.1536,222.1573,111.0786,57.2324,-0.0000,7
j,353,297.4041,225.7405,111.0786,52.0421,0.0000,7
j,354,322.4864,225.7405,111.0786,72.7572,-0.0000,7
j,355,336.8191,229.3236,111.0786,94.5502,0.0000,7
j,356,283.0714,236.4900,111.0786,42.1052,0.0000,7
j,357,272.3218,250.8227,111.0786,21.3718,0.0000,7
j,358,397.7332,250.8227,111.0786,193.4964,0.0000,7
j,359,272.3218,265.1555,111.0786,1.5260,0.0000,7
j,360,293.8209,268.7386,111.0786,345.4896,0.0000,7
j,361,326.0695,272.3218,111.0786,248.4908,0.0000,7
j,362,257.9891,279.4882,111.0786,349.5339,0.0001,7
j,363,376.2341,297.4041,111.0786,208.7044,0.0000,7
j,364,369.0677,300.9873,111.0786,216.5959,0.0000,7
j,365,340.4023,315.3200,111.0786,255.7952,0.0000,7
j,366,372.6509,315.3200,111.0786,223.9163,0.0001,7
