pair,keypoints_i,filtered_matches,depth_correspondences,edge_correspondences,edge_inliers_removed,all_inliers,all_rot_err_deg,all_trans_err_m,all_signed_rot_deg,all_reproj_mean,all_reproj_median,all_reproj_max,interior_correspondences,interior_ok,interior_inliers,interior_rot_err_deg,interior_trans_err_m,interior_signed_rot_deg,interior_reproj_mean,interior_reproj_median,interior_reproj_max
0,398,346,249,174,135,206,1.303091,0.009471,-1.124754,1.9615,1.6750,7.5077,75,1,71,0.581991,0.005419,-0.401664,1.4644,1.0672,5.3058
1,385,327,246,179,136,197,1.685732,0.014751,-1.520474,1.9166,1.4482,7.7373,67,1,61,0.512395,0.004546,-0.235234,1.1553,0.9599,4.3026
2,398,345,252,193,137,193,1.950032,0.015393,-1.484035,1.8166,1.3880,7.1927,59,1,55,1.282646,0.012213,0.614271,1.2085,0.8543,5.3965
3,391,325,261,193,124,184,1.556990,0.014286,-0.981289,1.8392,1.3424,8.0462,68,1,60,0.266595,0.002391,-0.106927,1.1613,0.8979,5.2498
4,382,324,266,200,136,194,2.123022,0.019476,-1.927090,2.0608,1.5269,7.6980,66,1,56,0.361683,0.003370,0.278661,1.1218,0.8491,5.3579
5,426,340,280,204,145,204,2.300476,0.020565,-2.207365,1.8849,1.5400,7.5429,76,1,59,1.224782,0.010378,-1.014034,1.1931,1.0290,5.1235
6,417,335,276,194,127,194,2.041042,0.017780,-2.026183,2.1978,1.7266,8.3295,82,1,67,1.886063,0.017232,1.536467,1.4017,1.1703,6.3075
7,433,368,316,236,163,225,2.563293,0.021462,-2.342856,2.2935,1.9827,7.3019,80,1,55,1.923470,0.016807,1.608905,1.2794,1.1280,4.9299
8,433,352,287,241,148,187,1.394563,0.012471,-1.338251,2.1547,1.6019,8.1171,46,1,2,82.732424,0.426454,82.014512,7.0499,7.0499,7.1904
9,473,384,305,254,159,202,1.531649,0.013032,-1.065799,2.0072,1.7108,7.5882,51,1,42,0.987154,0.010098,0.457365,1.3583,1.0982,5.7534
10,459,364,296,247,166,208,0.615883,0.005874,-0.391609,1.9395,1.4693,8.5497,49,1,42,0.975458,0.006626,-0.883681,1.6575,1.3881,6.7140
11,501,404,326,265,193,247,0.759416,0.010818,-0.756639,2.4550,1.9540,8.2799,61,1,44,2.520417,0.024213,-0.217720,1.8020,1.5322,6.1520
12,539,478,381,286,205,281,0.570634,0.008501,-0.423672,2.0032,1.5956,8.0460,95,1,71,0.818349,0.010337,-0.350114,1.4750,1.2491,6.0298
13,557,461,379,257,168,271,1.081850,0.009887,0.319612,2.2050,1.7398,8.9340,122,1,104,0.913766,0.007100,-0.874191,1.5953,1.1088,7.3973
14,596,494,398,260,198,318,0.758488,0.007660,-0.569779,1.9264,1.5979,7.5630,138,1,120,0.818866,0.011326,-0.617393,1.3299,0.9335,5.5978
15,656,541,464,310,250,394,0.558804,0.005919,-0.222046,1.9581,1.5313,7.7623,154,1,143,0.581219,0.004639,-0.326975,1.2280,0.9466,7.0380
16,686,536,450,298,241,378,0.498779,0.004835,-0.089966,1.8647,1.4461,7.5583,152,1,137,0.545692,0.004887,-0.016798,1.1784,0.9533,7.3624
17,659,529,446,272,208,368,0.563324,0.004627,0.336712,1.7450,1.3998,7.7878,174,1,160,1.187809,0.009464,0.380958,1.2840,0.9768,7.0989
18,680,544,450,268,215,382,0.537419,0.006314,-0.462394,1.9218,1.5199,8.0998,182,1,167,0.369988,0.003423,0.169198,1.3491,0.9559,7.6140
19,668,538,443,264,202,366,0.776000,0.007803,-0.608064,1.8777,1.5422,7.7886,179,1,164,0.654224,0.005378,0.422353,1.4267,1.0451,7.8434
20,649,470,373,219,181,321,0.400401,0.004661,-0.171195,2.0788,1.4292,9.7569,154,1,140,0.506075,0.004103,0.350849,1.3702,1.1296,6.0350
21,607,467,364,218,182,311,0.826461,0.007347,-0.734383,1.8491,1.4667,7.8512,146,1,129,0.780750,0.006338,0.618668,1.5239,1.0344,7.8643
22,559,422,337,235,183,271,0.642043,0.005992,-0.639709,1.7546,1.3878,6.8442,102,1,88,0.564832,0.005093,-0.122867,1.3373,1.0567,6.5102
23,563,420,331,243,170,243,0.445635,0.006008,-0.181577,2.2370,1.8208,8.5002,88,1,74,1.745786,0.014834,-0.836101,1.5969,1.1413,7.2186
24,539,422,332,248,122,192,1.455715,0.012512,-0.537977,1.9456,1.5009,8.3362,84,1,70,2.083378,0.017127,-1.062305,1.3828,1.0954,4.1004
25,515,418,317,250,158,215,0.984223,0.008958,-0.700292,2.0106,1.5555,7.8059,67,1,57,0.214889,0.001579,0.166516,1.3832,1.1464,6.0953
26,484,406,312,252,181,233,0.954930,0.008586,-0.804866,2.1571,1.6670,7.8136,60,1,52,0.428648,0.004400,-0.383262,1.3626,1.1245,3.7514
27,417,351,274,220,137,182,0.739144,0.006484,-0.614344,1.8950,1.4229,9.4868,54,1,49,2.937570,0.026518,-1.728991,1.8181,1.6793,5.5955
28,411,314,235,193,145,182,1.177486,0.011690,-1.134036,2.5054,2.0110,9.0501,42,1,10,12.213478,0.124089,9.498296,1.3172,1.1528,2.9065
29,397,305,238,176,122,176,0.647313,0.005612,-0.646099,2.1596,1.7439,7.7548,62,1,54,0.811945,0.006365,0.154127,1.5342,1.0456,5.1879
30,354,259,198,139,100,154,1.406893,0.012275,-1.055340,1.8242,1.3598,7.3497,59,1,53,1.421616,0.013869,-1.145336,1.4168,0.9952,7.1150
31,354,294,216,150,108,162,1.585895,0.014333,-0.846543,1.9427,1.4716,7.2886,66,1,49,1.112064,0.011418,0.106751,1.3416,1.0144,6.8868
32,356,310,215,150,130,193,1.761979,0.016023,-1.359216,1.9337,1.5944,7.2551,65,1,63,1.009067,0.010204,0.028813,1.1372,0.8923,4.5764
33,349,315,220,149,117,180,1.532375,0.013274,-1.105135,1.7850,1.4304,6.6390,71,1,63,0.930374,0.008567,0.087714,1.2060,0.8886,4.9415
34,384,339,244,175,136,198,1.025383,0.008859,-1.022394,1.8207,1.2976,7.5095,69,1,62,0.628814,0.005277,0.536684,1.2893,1.0568,4.4817
