# ORB::create() defaults, OpenCV 5.0.0; all 134322 frame-0 x frame-1 descriptor pairs; best-match distances verified equal to the frozen baseline
distance,count
0,0
1,0
2,0
3,0
4,0
5,0
6,1
7,3
8,2
9,2
10,6
11,6
12,10
13,11
14,12
15,11
16,8
17,15
18,31
19,16
20,24
21,33
22,34
23,38
24,38
25,50
26,55
27,57
28,46
29,65
30,69
31,75
32,77
33,77
34,95
35,111
36,100
37,127
38,147
39,160
40,144
41,171
42,206
43,216
44,202
45,208
46,280
47,264
48,275
49,321
50,265
51,346
52,352
53,377
54,417
55,437
56,386
57,487
58,460
59,481
60,522
61,505
62,532
63,555
64,573
65,602
66,593
67,677
68,657
69,676
70,693
71,706
72,725
73,788
74,775
75,861
76,831
77,868
78,910
79,946
80,933
81,1012
82,993
83,1063
84,1122
85,1066
86,1139
87,1252
88,1221
89,1292
90,1318
91,1310
92,1407
93,1429
94,1493
95,1587
96,1617
97,1630
98,1727
99,1824
100,1798
101,1845
102,1830
103,1837
104,1921
105,2017
106,2049
107,1962
108,2052
109,1983
110,2073
111,2015
112,2008
113,2013
114,1943
115,1955
116,1986
117,1936
118,1908
119,1883
120,1925
121,1882
122,1811
123,1747
124,1796
125,1776
126,1628
127,1626
128,1560
129,1529
130,1508
131,1507
132,1427
133,1480
134,1344
135,1217
136,1259
137,1176
138,1198
139,1055
140,1052
141,1016
142,946
143,925
144,889
145,826
146,787
147,720
148,700
149,629
150,640
151,539
152,510
153,483
154,487
155,442
156,381
157,374
158,362
159,336
160,317
161,257
162,248
163,251
164,240
165,244
166,181
167,188
168,181
169,185
170,151
171,144
172,110
173,106
174,93
175,88
176,68
177,58
178,52
179,51
180,47
181,44
182,27
183,23
184,22
185,18
186,19
187,12
188,15
189,8
190,5
191,6
192,4
193,3
194,1
195,4
196,0
197,0
198,1
199,1
200,1
201,0
202,1
203,0
204,0
205,0
206,0
207,0
208,1
209,0
210,0
211,0
212,0
213,0
214,0
215,0
216,0
217,0
218,0
219,0
220,0
221,0
222,0
223,0
224,0
225,0
226,0
227,0
228,0
229,0
230,0
231,0
232,0
233,0
234,0
235,0
236,0
237,0
238,0
239,0
240,0
241,0
242,0
243,0
244,0
245,0
246,0
247,0
248,0
249,0
250,0
251,0
252,0
253,0
254,0
255,0
256,0
