pair,frame_i,frame_j,orb_keypoints_i,orb_keypoints_j,raw_matches,filtered_matches,pnp_correspondences,pnp_inliers,pnp_ok,icp_correspondences,icp_ok,pnp_relative_translation_error_m,pnp_relative_rotation_error_deg,icp_relative_translation_error_m,icp_relative_rotation_error_deg,gt_rel_tx,gt_rel_ty,gt_rel_tz,gt_rel_qx,gt_rel_qy,gt_rel_qz,gt_rel_qw,pnp_rel_tx,pnp_rel_ty,pnp_rel_tz,pnp_rel_qx,pnp_rel_qy,pnp_rel_qz,pnp_rel_qw,icp_rel_tx,icp_rel_ty,icp_rel_tz,icp_rel_qx,icp_rel_qy,icp_rel_qz,icp_rel_qw
0,0,1,366,367,366,202,136,121,1,119,1,0.007286304,0.977968618,0.024675253,2.716701967,-0.086910059,-0.001844077,0.007376312,-0.000000031,0.084553740,0.021138401,0.996194676,-0.080985652,0.000551959,0.003876219,0.001834642,0.078747469,0.015187170,0.996777217,-0.063728152,0.006128709,0.004565270,0.005365568,0.062802869,0.013577668,0.997919164
1,1,2,367,397,367,200,141,135,1,128,1,0.016484388,2.054946489,0.006634689,1.328956061,-0.086909432,-0.001844348,0.007377308,0.000000343,0.084553147,0.021138349,0.996194728,-0.072380220,-0.009530706,0.006129525,-0.008248725,0.070065142,0.014644327,0.997400811,-0.082611906,-0.006818740,0.006479650,-0.005997442,0.078761465,0.013099324,0.996789381
2,2,3,397,371,397,197,145,132,1,133,1,0.020060245,2.433116116,0.051219813,4.950144167,-0.086909030,-0.001843972,0.007376150,-0.000000095,0.084553703,0.021137936,0.996194689,-0.069965795,-0.012407459,0.005438893,-0.011249318,0.067569391,0.015305612,0.997533743,-0.118135959,0.037061302,0.018983382,0.031965803,0.112333918,0.013235046,0.993068030
3,3,4,371,377,371,185,141,127,1,130,1,0.013780390,1.515517720,0.012021710,1.624773979,-0.086910452,-0.001844202,0.007376992,0.000000366,0.084553821,0.021138546,0.996194666,-0.077110039,0.007072247,0.003589116,0.008651808,0.074634835,0.022206051,0.996926115,-0.075972435,-0.006589861,0.005840760,-0.002724634,0.074514913,0.030757861,0.996741721
4,4,5,377,415,377,196,146,131,1,135,1,0.026554941,2.915450071,0.035279436,4.059953939,-0.086909436,-0.001844147,0.007376618,0.000000221,0.084553352,0.021138596,0.996194705,-0.061195284,-0.001226938,0.000776141,0.000308518,0.059289785,0.018808330,0.998063562,-0.052249521,-0.002492055,0.000826111,-0.000633367,0.050342811,0.012288922,0.998656188
5,5,6,415,404,415,194,155,143,1,142,1,0.027138225,3.007934767,0.020385344,2.281001019,-0.086909138,-0.001844054,0.007376044,-0.000000104,0.084553213,0.021138666,0.996194715,-0.060156232,-0.005181565,0.004273413,-0.003870001,0.058659101,0.021443532,0.998040234,-0.069077930,0.007779959,0.005142517,0.006678392,0.066528015,0.026159214,0.997419229
6,6,7,404,421,404,186,150,140,1,142,1,0.028088119,3.265388289,0.018105655,2.023274741,-0.086909903,-0.001844049,0.007376572,-0.000000306,0.084553321,0.021137599,0.996194729,-0.059773836,0.005107800,0.005315474,0.005855552,0.057206642,0.016063793,0.998215942,-0.073067502,-0.013405736,0.005785948,-0.010809525,0.070630880,0.021031794,0.997222190
7,7,8,421,407,421,177,138,127,1,130,1,0.017349740,1.988802929,0.015231337,2.059875834,-0.086909736,-0.001844195,0.007376817,0.000000250,0.084553881,0.021138949,0.996194653,-0.072808172,-0.011950101,0.007203511,-0.011207803,0.071338857,0.021060230,0.997166796,-0.071955889,0.000013476,0.005157549,-0.000202161,0.070287230,0.010280475,0.997473797
8,8,9,407,457,407,188,143,127,1,127,1,0.015391905,1.750160130,0.025316922,2.948467919,-0.086909000,-0.001844006,0.007375992,0.000000344,0.084553203,0.021138433,0.996194721,-0.074999439,-0.011155841,0.010267844,-0.010164102,0.073189465,0.020852249,0.997048232,-0.062168600,-0.005940379,0.003900525,-0.004734525,0.059820976,0.016198479,0.998066453
9,9,10,457,448,457,185,148,130,1,134,1,0.007701845,0.868467059,0.011024432,2.225219615,-0.086909881,-0.001844327,0.007377309,-0.000000258,0.084553958,0.021138533,0.996194655,-0.079490875,-0.003766824,0.008139388,-0.002339738,0.077540242,0.022716042,0.996727655,-0.078080600,0.004502443,0.005560606,0.008835579,0.076915582,0.036651127,0.996324556
10,10,11,448,461,448,180,141,131,1,131,1,0.006294982,0.722486771,0.037169456,4.172184008,-0.086908829,-0.001844120,0.007376106,-0.000000320,0.084553122,0.021138863,0.996194719,-0.081234036,-0.004404926,0.006445623,-0.002881748,0.079376817,0.023263621,0.996569024,-0.052609996,-0.015645874,0.003545949,-0.012624288,0.051920735,0.031020880,0.998089460
11,11,12,461,479,461,175,145,133,1,136,1,0.010923856,1.110428707,0.026488717,3.062715578,-0.086909898,-0.001844119,0.007376609,0.000000306,0.084553321,0.021137599,0.996194729,-0.077610023,-0.005317928,0.002818582,-0.003968582,0.075740949,0.021177465,0.996894716,-0.060751177,-0.000710901,0.003365462,0.001900240,0.059191700,0.029190312,0.997817948
12,12,13,479,476,479,188,155,143,1,150,1,0.011068717,1.190202281,0.024035180,2.654647708,-0.086909054,-0.001844266,0.007376983,0.000000104,0.084553213,0.021138666,0.996194715,-0.080734072,-0.010150710,0.003454091,-0.008377647,0.078776658,0.019115532,0.996673793,-0.068284727,-0.017026745,0.007939686,-0.014851325,0.066827915,0.021774275,0.997416337
13,13,14,476,500,476,159,131,113,1,120,1,0.010326195,1.107109565,0.051574015,7.112915117,-0.086910198,-0.001844040,0.007376029,-0.000000169,0.084554280,0.021138714,0.996194624,-0.076990212,-0.001516366,0.004527028,0.000087335,0.075028678,0.022574557,0.996925814,-0.035579221,-0.004467700,0.003118544,-0.001508411,0.028737770,-0.005741329,0.999569358
14,14,15,500,500,500,209,176,162,1,174,1,0.013180343,1.514666601,0.013608850,1.755615443,-0.086909640,-0.001844277,0.007376861,-0.000000398,0.084552891,0.021138435,0.996194748,-0.081787848,0.010244742,0.006217414,0.011830735,0.079222554,0.018658612,0.996612099,-0.073551904,-0.004163590,0.006196818,-0.003038918,0.070603550,0.015706604,0.997376161
15,15,16,500,500,500,213,197,188,1,181,1,0.008824541,0.914143153,0.008509610,0.898328346,-0.086908958,-0.001844216,0.007376945,0.000000095,0.084553703,0.021137936,0.996194689,-0.079147636,0.000332560,0.003785839,0.002424452,0.077053535,0.022219711,0.996776384,-0.079682328,-0.006331158,0.007138969,-0.003455359,0.077592573,0.020286966,0.996772738
16,16,17,500,500,500,212,184,180,1,161,1,0.006918131,0.731233837,0.009338879,1.511420908,-0.086909744,-0.001844173,0.007376730,-0.000000343,0.084553147,0.021138349,0.996194728,-0.080570842,-0.000954043,0.004752511,0.001317715,0.078763618,0.023437406,0.996616899,-0.080689613,-0.008807184,0.007579457,-0.005315165,0.080332188,0.032447600,0.996225698
17,17,18,500,500,500,253,206,197,1,189,1,0.008231832,0.853961087,0.006983021,2.595250567,-0.086910000,-0.001843994,0.007375995,0.000000031,0.084553740,0.021138401,0.996194676,-0.080010796,0.000537512,0.003569095,0.002703444,0.077869662,0.022954720,0.996695584,-0.093444364,0.000326734,0.008539009,0.005027129,0.093795325,0.041140249,0.994728428
18,18,19,500,500,500,242,193,182,1,167,1,0.007425269,0.746008489,0.002637398,0.565347427,-0.086908900,-0.001844274,0.007377099,-0.000000031,0.084553740,0.021138401,0.996194676,-0.080342187,-0.000425780,0.004214701,0.001375862,0.078247202,0.021821718,0.996694183,-0.084535809,-0.002621118,0.006528089,-0.000625479,0.082961342,0.025765787,0.996219428
19,19,20,500,500,500,248,184,169,1,167,1,0.004570806,0.494445225,0.008219983,1.464567375,-0.086909774,-0.001844120,0.007376397,0.000000343,0.084553147,0.021138349,0.996194728,-0.087578288,0.001913985,0.004862038,0.004030655,0.085741349,0.020161290,0.996105264,-0.085900016,-0.009964861,0.006600471,-0.009676739,0.087428280,0.013302034,0.996034996
20,20,21,500,500,500,241,169,165,1,155,1,0.004763510,0.685406657,0.009959959,1.276751229,-0.086909896,-0.001844093,0.007376635,-0.000000095,0.084553703,0.021137936,0.996194689,-0.091174283,-0.003799118,0.006549642,-0.001893499,0.089235032,0.017951219,0.995847015,-0.080185127,-0.008993791,0.005685455,-0.009084101,0.078581695,0.023545957,0.996588172
21,21,22,500,492,500,233,175,168,1,159,1,0.008783895,0.889676038,0.013824834,1.760086910,-0.086909686,-0.001844046,0.007376368,0.000000366,0.084553821,0.021138546,0.996194666,-0.080830311,-0.007465649,0.004444545,-0.005689946,0.079320422,0.021728792,0.996596084,-0.075000135,0.005026019,0.005930399,0.010561198,0.075327869,0.027382089,0.996726840
22,22,23,492,499,492,214,156,151,1,134,1,0.006404350,0.691923604,0.008631986,1.536420823,-0.086909436,-0.001844147,0.007376618,0.000000221,0.084553352,0.021138596,0.996194705,-0.080656263,-0.002675500,0.006271010,-0.000767127,0.078710092,0.022372732,0.996646173,-0.085918310,0.006714089,0.006842352,0.012346751,0.084942388,0.026346632,0.995960945
23,23,24,499,475,499,189,135,119,1,114,1,0.009715340,0.962307443,0.010932712,1.311601003,-0.086909138,-0.001844054,0.007376044,-0.000000104,0.084553213,0.021138666,0.996194715,-0.088789472,-0.008974564,0.001050855,-0.006739802,0.086733616,0.016630011,0.996069926,-0.076811891,-0.005471816,0.009475837,-0.001195002,0.074777415,0.026935373,0.996835692
24,24,25,475,473,475,158,102,97,1,94,1,0.029882809,3.276040596,0.118037725,13.246721065,-0.086908963,-0.001844132,0.007376904,-0.000000306,0.084553321,0.021137599,0.996194729,-0.066541731,-0.020970871,-0.003221490,-0.018301021,0.066495319,0.033608482,0.997052614,0.012853927,-0.064756822,0.012095348,-0.062473540,-0.008468108,0.049282023,0.996793173
25,25,26,473,449,473,195,137,127,1,121,1,0.013408200,1.414995326,0.036059347,4.255466133,-0.086909736,-0.001844195,0.007376817,0.000000250,0.084553881,0.021138949,0.996194653,-0.078018136,-0.011708228,0.005527461,-0.009095060,0.076344305,0.022554943,0.996784882,-0.051746473,0.006102781,0.006560124,0.007310755,0.050123932,0.032806187,0.998177288
26,26,27,449,405,449,205,138,129,1,117,1,0.009849435,1.105164021,0.025088080,2.913804320,-0.086910000,-0.001844248,0.007376962,-0.000000344,-0.084553203,-0.021138433,-0.996194721,-0.079249045,0.003154285,0.011028784,0.004832144,0.077462655,0.016782773,0.996842277,-0.062448402,-0.006367953,0.004124568,-0.005331424,0.062553743,0.009695401,0.997980262
27,27,28,405,398,405,170,111,103,1,101,1,0.009571033,0.999313660,0.024876505,2.779270052,-0.086910055,-0.001844088,0.007376353,-0.000000258,0.084553958,0.021138533,0.996194655,-0.078579952,0.002041765,0.010043600,0.003687060,0.076754219,0.020043806,0.996841733,-0.062895263,-0.006871304,0.003270584,-0.006558264,0.061758143,0.016392158,0.997934977
28,28,29,398,376,398,145,95,84,1,82,1,0.012017038,1.388875588,0.044872818,4.829767576,-0.086908829,-0.001844120,0.007376106,-0.000000320,0.084553122,0.021138863,0.996194719,-0.075077312,0.000033767,0.008323704,0.002157739,0.073109339,0.024393746,0.997023226,-0.042986357,-0.004731929,-0.001344375,-0.005764712,0.042892084,0.021744895,0.998826410
29,29,30,376,350,376,135,97,92,1,84,1,0.011201863,1.222890390,0.004983997,1.567982937,-0.086909898,-0.001844119,0.007376609,0.000000306,0.084553321,0.021137599,0.996194729,-0.081564982,-0.011681744,0.007743679,-0.009244507,0.079896139,0.018573464,0.996587263,-0.083697513,0.001633886,0.005819593,0.002748568,0.081313847,0.008138671,0.996651527
30,30,31,350,339,350,134,91,81,1,77,1,0.013384502,1.282667597,0.009994331,1.747853222,-0.086909054,-0.001844266,0.007376983,0.000000104,0.084553213,0.021138666,0.996194715,-0.093237686,-0.011661779,0.013912252,-0.008945131,0.091235195,0.020648200,0.995575098,-0.077168075,-0.000805583,0.005396799,0.000440386,0.073682493,0.010498385,0.997226394
31,31,32,339,325,339,127,72,67,1,62,1,0.014190436,1.612083269,0.019373036,2.334980757,-0.086909432,-0.001844196,0.007376653,-0.000000169,0.084554280,0.021138714,0.996194624,-0.100257692,-0.000859892,0.012090842,0.001562001,0.098247378,0.023636359,0.994880061,-0.070804924,0.008495873,0.004369609,0.010462467,0.069581779,0.030126875,0.997066339
32,32,33,325,344,325,165,101,92,1,88,1,0.010774757,1.173279710,0.029248313,3.276167551,-0.086909640,-0.001844277,0.007376861,-0.000000398,0.084552891,0.021138435,0.996194748,-0.076507531,-0.001195664,0.004643583,0.000590617,0.074438777,0.019915491,0.997026526,-0.058552693,0.004238170,0.003588561,0.006314592,0.058143638,0.029930305,0.997839476
33,33,34,344,375,344,194,124,115,1,107,1,0.012042320,1.507277597,0.020636250,2.259358856,-0.086909897,-0.001844133,0.007376613,0.000000095,0.084553703,0.021137936,0.996194689,-0.075274334,-0.004622752,0.008758791,-0.003384746,0.073012585,0.015908257,0.997198392,-0.070110971,0.009810306,0.004579300,0.010545535,0.068542288,0.016713119,0.997452464
34,34,35,375,350,375,214,130,119,1,108,1,0.003852526,0.305209132,0.013151375,1.251234012,-0.086909571,-0.001843934,0.007375775,-0.000000343,0.084553147,0.021138349,0.996194728,-0.084603053,-0.003391985,0.010045133,-0.001572481,0.082431915,0.021444671,0.996364709,-0.083298910,-0.014402456,0.005890743,-0.009060676,0.081008283,0.016193688,0.996540680
