frame,gt_x,gt_y,gt_z,pnp_x,pnp_y,pnp_z,icp_x,icp_y,icp_z,gt_qx,gt_qy,gt_qz,gt_qw,pnp_qx,pnp_qy,pnp_qz,pnp_qw,icp_qx,icp_qy,icp_qz,icp_qw,pnp_translation_error,pnp_rotation_error,icp_translation_error,icp_rotation_error
0,-0.016840,0.235277,-0.502029,-0.016840,0.235277,-0.502029,-0.016840,0.235277,-0.502029,0.000000,-0.122183,0.992508,0.000000,0.000000,-0.122183,0.992508,0.000000,0.000000,-0.122183,0.992508,0.000000,0.000000,0.000002,0.000000,0.000002
1,-0.103750,0.235277,-0.494425,-0.097375,0.236035,-0.492675,-0.080443,0.242054,-0.496703,0.086503,-0.121718,0.988731,0.010649,0.080013,-0.123610,0.989085,0.005452,0.063991,-0.127254,0.989787,0.005802,0.006654,0.977969,0.024379,2.716702
2,-0.188019,0.235277,-0.471846,-0.168770,0.227159,-0.478843,-0.161804,0.235482,-0.480880,0.172347,-0.120327,0.977429,0.021217,0.150961,-0.114340,0.981848,0.010601,0.143445,-0.120528,0.982256,0.008343,0.022031,2.865858,0.027728,3.667857
3,-0.267086,0.235277,-0.434976,-0.235232,0.215214,-0.456064,-0.270093,0.270195,-0.428357,0.256880,-0.118020,0.958689,0.031623,0.218800,-0.101419,0.970350,0.016179,0.254119,-0.150130,0.955370,0.012331,0.043150,5.251878,0.035667,4.321213
4,-0.338551,0.235277,-0.384936,-0.300078,0.222812,-0.414277,-0.333985,0.262736,-0.386987,0.339458,-0.114815,0.932652,0.041789,0.292662,-0.105851,0.949800,0.032000,0.329132,-0.140140,0.933351,0.029797,0.049965,5.910842,0.027911,3.423137
5,-0.400240,0.235277,-0.323247,-0.346700,0.222363,-0.374615,-0.372204,0.258423,-0.351524,0.419452,-0.110736,0.899517,0.051637,0.350390,-0.102332,0.929975,0.043617,0.377418,-0.136816,0.915250,0.033963,0.075312,8.753362,0.046058,6.284450
6,-0.450279,0.235277,-0.251783,-0.390615,0.219771,-0.333037,-0.416401,0.265395,-0.298076,0.496254,-0.105814,0.859537,0.061092,0.406618,-0.093578,0.907059,0.056115,0.440686,-0.134962,0.885977,0.051236,0.101993,11.729095,0.064791,7.885591
7,-0.487149,0.235277,-0.172715,-0.427834,0.227847,-0.286381,-0.459484,0.252048,-0.238765,0.569279,-0.100087,0.813015,0.070081,0.458957,-0.095400,0.880730,0.067613,0.505432,-0.119361,0.852771,0.055431,0.128427,14.856288,0.073547,9.056620
8,-0.509729,0.235277,-0.088446,-0.468761,0.220702,-0.224984,-0.489681,0.250320,-0.173271,0.637972,-0.093598,0.760305,0.078538,0.523254,-0.080417,0.845139,0.074020,0.565332,-0.117587,0.814546,0.055567,0.143295,16.441615,0.088451,11.068032
9,-0.517332,0.235277,-0.001537,-0.503152,0.215703,-0.156814,-0.509390,0.242968,-0.114339,0.701809,-0.086397,0.701809,0.086397,0.585994,-0.066096,0.803622,0.080221,0.615134,-0.107669,0.778809,0.058943,0.157147,17.855103,0.113343,13.877278
10,-0.509729,0.235277,0.085373,-0.523199,0.218820,-0.079435,-0.519182,0.248147,-0.036718,0.760305,-0.078538,0.637971,0.093598,0.648078,-0.056908,0.753886,0.091717,0.676201,-0.096143,0.725521,0.084424,0.166174,18.675722,0.123131,14.105376
11,-0.487149,0.235277,0.169641,-0.528673,0.222139,0.001922,-0.523870,0.235196,0.016531,0.813015,-0.070081,0.569279,0.100087,0.707284,-0.046744,0.697887,0.102556,0.716627,-0.070207,0.687621,0.093241,0.173281,19.289802,0.157452,17.524636
12,-0.450279,0.235277,0.248709,-0.518648,0.224252,0.079088,-0.516785,0.238748,0.076861,0.859537,-0.061092,0.496254,0.105814,0.759343,-0.036618,0.640164,0.110670,0.757637,-0.055961,0.640847,0.110315,0.183213,20.323022,0.184301,20.312020
13,-0.400240,0.235277,0.320173,-0.496608,0.222344,0.157469,-0.506344,0.228576,0.146167,0.899517,-0.051637,0.419452,0.110736,0.808874,-0.025336,0.576407,0.113292,0.801363,-0.037174,0.586989,0.108992,0.189543,21.018551,0.203914,22.348484
14,-0.338550,0.235277,0.381862,-0.464075,0.229642,0.227029,-0.497262,0.226490,0.180934,0.932652,-0.041789,0.339457,0.114815,0.850197,-0.015549,0.511387,0.124126,0.817837,-0.044006,0.564389,0.103298,0.199403,22.116265,0.256201,29.047942
15,-0.267086,0.235277,0.431902,-0.417225,0.249089,0.292296,-0.467232,0.227050,0.248487,0.958689,-0.031623,0.256880,0.118020,0.886652,-0.015516,0.439799,0.142074,0.856544,-0.036623,0.503677,0.106300,0.205481,22.808459,0.271601,30.734241
16,-0.188019,0.235277,0.468772,-0.361890,0.258204,0.348276,-0.424000,0.226423,0.316096,0.977429,-0.021217,0.172347,0.120327,0.917682,-0.007779,0.366867,0.152342,0.893972,-0.025636,0.433560,0.110373,0.212782,23.697377,0.281204,31.547782
17,-0.103750,0.235277,0.491352,-0.297537,0.266452,0.396295,-0.369634,0.225805,0.376839,0.988731,-0.010649,0.086503,0.121718,0.943454,0.001273,0.289766,0.161022,0.926845,-0.003094,0.356664,0.117214,0.218085,24.368618,0.289650,31.878715
18,-0.016840,0.235277,0.498955,-0.226146,0.275340,0.431496,-0.293542,0.238873,0.430170,0.992508,0.000000,-0.000000,0.122183,0.962436,0.009604,0.211649,0.169791,0.954951,0.022266,0.263012,0.135638,0.223528,25.171555,0.285146,30.681900
19,0.070069,0.235277,0.491352,-0.149764,0.282762,0.455650,-0.216952,0.248310,0.465394,0.988731,0.010649,-0.086503,0.121718,0.975372,0.016997,0.131949,0.175924,0.972672,0.035698,0.179285,0.143152,0.227719,25.902656,0.288487,30.838600
20,0.154338,0.235277,0.468772,-0.063115,0.291318,0.466424,-0.133496,0.249075,0.488978,0.977429,0.021217,-0.172347,0.120327,0.981835,0.020980,0.044327,0.183287,0.985400,0.037715,0.091286,0.138678,0.224571,25.916166,0.288872,30.445359
21,0.233406,0.235277,0.431902,0.028349,0.292566,0.464743,-0.053050,0.250222,0.497341,0.958689,0.031623,-0.256880,0.118020,0.981684,0.022246,-0.046801,0.183335,0.989583,0.050720,0.009932,0.134366,0.215427,25.422157,0.294215,31.007693
22,0.304870,0.235277,0.381862,0.108201,0.287985,0.450192,0.020484,0.265213,0.490022,0.932652,0.041789,-0.339458,0.114815,0.975190,0.028693,-0.128619,0.177873,0.984284,0.067424,-0.067787,0.148470,0.214769,25.782692,0.305729,32.162593
23,0.366559,0.235277,0.320173,0.184424,0.287400,0.422960,0.101647,0.283049,0.466184,0.899517,0.051637,-0.419452,0.110736,0.961290,0.036315,-0.208947,0.175909,0.970941,0.081310,-0.154200,0.163965,0.215534,26.341841,0.306235,32.350910
24,0.416598,0.235277,0.248709,0.259630,0.276424,0.376175,0.174178,0.289425,0.439382,0.859537,0.061092,-0.496254,0.105814,0.939971,0.035493,-0.294672,0.168414,0.954344,0.094760,-0.230830,0.164212,0.206348,26.106539,0.313138,33.325546
25,0.453468,0.235277,0.169642,0.310353,0.254710,0.333354,0.187130,0.228154,0.463530,0.813015,0.070081,-0.569279,0.100087,0.919496,0.050388,-0.362617,0.143172,0.958827,0.128458,-0.236021,0.091886,0.218314,27.251969,0.396682,42.470387
26,0.476048,0.235277,0.085373,0.365001,0.244063,0.277187,0.229069,0.248010,0.438935,0.760305,0.078538,-0.637972,0.093598,0.889021,0.056737,-0.435337,0.130016,0.940363,0.156799,-0.285727,0.097424,0.221814,28.005205,0.431471,46.531868
27,0.483652,0.235277,-0.001537,0.411764,0.248335,0.212326,0.278250,0.257148,0.400790,-0.701809,-0.086397,0.701809,-0.086397,0.850911,0.063510,-0.504736,0.130991,0.919590,0.157982,-0.345753,0.099252,0.226000,28.971831,0.452256,48.919301
28,0.476048,0.235277,-0.088447,0.446851,0.250836,0.141315,0.321988,0.265328,0.355693,-0.637971,-0.093598,0.760305,-0.078538,0.807727,0.072172,-0.570844,0.128472,0.894399,0.164333,-0.404494,0.097105,0.232132,29.892835,0.471060,51.381331
29,0.453468,0.235277,-0.172715,0.468886,0.251346,0.069065,0.346060,0.270387,0.320098,-0.569279,-0.100087,0.813015,-0.070081,0.761551,0.083500,-0.631175,0.121184,0.872986,0.177092,-0.445441,0.090088,0.242804,31.038927,0.505603,55.947938
30,0.416598,0.235277,-0.251783,0.481615,0.239336,-0.011824,0.384176,0.289791,0.247901,-0.496254,-0.105814,0.859537,-0.061092,0.708093,0.081842,-0.692889,0.108678,0.832153,0.177503,-0.515182,0.102961,0.248645,31.583650,0.503693,56.509983
31,0.366559,0.235277,-0.323247,0.482858,0.227555,-0.106071,0.410244,0.303016,0.176275,-0.419452,-0.110736,0.899517,-0.051637,0.641026,0.079988,-0.757402,0.095023,0.789977,0.178387,-0.576071,0.110712,0.246477,30.866887,0.505983,57.906786
32,0.304870,0.235277,-0.384936,0.458375,0.225305,-0.204020,0.419184,0.323280,0.108348,-0.339457,-0.114815,0.932652,-0.041789,0.561292,0.086577,-0.818625,0.085495,0.741043,0.199987,-0.630818,0.113710,0.237474,29.276965,0.513947,59.638320
33,0.233406,0.235277,-0.434976,0.424694,0.222232,-0.272813,0.420078,0.337721,0.051340,-0.256880,-0.118020,0.958689,-0.031623,0.496911,0.091617,-0.859624,0.075713,0.696060,0.219106,-0.674683,0.110891,0.251114,30.422468,0.530890,62.484974
34,0.154338,0.235277,-0.471846,0.385705,0.216551,-0.337713,0.409424,0.356865,-0.016134,-0.172347,-0.120327,0.977429,-0.021217,0.431554,0.090828,-0.895011,0.066833,0.643211,0.229696,-0.720216,0.121691,0.268092,31.886656,0.536214,64.648389
35,0.070069,0.235277,-0.494425,0.329924,0.212403,-0.402066,0.396089,0.352957,-0.099727,-0.086503,-0.121718,0.988731,-0.010649,0.354365,0.092836,-0.928907,0.054206,0.580025,0.222933,-0.773882,0.122386,0.276728,32.121153,0.525285,64.918588
